id,units_sold
S001_P0001_2023-12-02,134.02
S001_P0002_2023-12-02,134.16
S001_P0003_2023-12-02,134.3
S001_P0004_2023-12-02,134.43
S001_P0005_2023-12-02,134.57
S001_P0006_2023-12-02,134.71
S001_P0007_2023-12-02,134.84
S001_P0008_2023-12-02,134.98
S001_P0009_2023-12-02,135.12
S001_P0010_2023-12-02,135.25
S001_P0011_2023-12-02,135.39
S001_P0012_2023-12-02,135.53
S001_P0013_2023-12-02,135.66
S001_P0014_2023-12-02,135.8
S001_P0015_2023-12-02,135.94
S001_P0016_2023-12-02,136.08
S001_P0017_2023-12-02,136.21
S001_P0018_2023-12-02,136.35
S001_P0019_2023-12-02,136.49
S001_P0020_2023-12-02,136.62
S002_P0001_2023-12-02,134.48
S002_P0002_2023-12-02,134.61
S002_P0003_2023-12-02,134.75
S002_P0004_2023-12-02,134.89
S002_P0005_2023-12-02,135.02
S002_P0006_2023-12-02,135.16
S002_P0007_2023-12-02,135.3
S002_P0008_2023-12-02,135.44
S002_P0009_2023-12-02,135.57
S002_P0010_2023-12-02,135.71
S002_P0011_2023-12-02,135.85
S002_P0012_2023-12-02,135.98
S002_P0013_2023-12-02,136.12
S002_P0014_2023-12-02,136.26
S002_P0015_2023-12-02,136.39
S002_P0016_2023-12-02,136.53
S002_P0017_2023-12-02,136.67
S002_P0018_2023-12-02,136.8
S002_P0019_2023-12-02,136.94
S002_P0020_2023-12-02,137.08
S003_P0001_2023-12-02,134.93
S003_P0002_2023-12-02,135.07
S003_P0003_2023-12-02,135.21
S003_P0004_2023-12-02,135.34
S003_P0005_2023-12-02,135.48
S003_P0006_2023-12-02,135.62
S003_P0007_2023-12-02,135.75
S003_P0008_2023-12-02,135.89
S003_P0009_2023-12-02,136.03
S003_P0010_2023-12-02,136.16
S003_P0011_2023-12-02,136.3
S003_P0012_2023-12-02,136.44
S003_P0013_2023-12-02,136.57
S003_P0014_2023-12-02,136.71
S003_P0015_2023-12-02,136.85
S003_P0016_2023-12-02,136.99
S003_P0017_2023-12-02,137.12
S003_P0018_2023-12-02,137.26
S003_P0019_2023-12-02,137.4
S003_P0020_2023-12-02,137.53
S004_P0001_2023-12-02,135.39
S004_P0002_2023-12-02,135.52
S004_P0003_2023-12-02,135.66
S004_P0004_2023-12-02,135.8
S004_P0005_2023-12-02,135.93
S004_P0006_2023-12-02,136.07
S004_P0007_2023-12-02,136.21
S004_P0008_2023-12-02,136.35
S004_P0009_2023-12-02,136.48
S004_P0010_2023-12-02,136.62
S004_P0011_2023-12-02,136.76
S004_P0012_2023-12-02,136.89
S004_P0013_2023-12-02,137.03
S004_P0014_2023-12-02,137.17
S004_P0015_2023-12-02,137.3
S004_P0016_2023-12-02,137.44
S004_P0017_2023-12-02,137.58
S004_P0018_2023-12-02,137.71
S004_P0019_2023-12-02,137.85
S004_P0020_2023-12-02,137.99
S005_P0001_2023-12-02,135.84
S005_P0002_2023-12-02,135.98
S005_P0003_2023-12-02,136.12
S005_P0004_2023-12-02,136.25
S005_P0005_2023-12-02,136.39
S005_P0006_2023-12-02,136.53
S005_P0007_2023-12-02,136.66
S005_P0008_2023-12-02,136.8
S005_P0009_2023-12-02,136.94
S005_P0010_2023-12-02,137.07
S005_P0011_2023-12-02,137.21
S005_P0012_2023-12-02,137.35
S005_P0013_2023-12-02,137.48
S005_P0014_2023-12-02,137.62
S005_P0015_2023-12-02,137.76
S005_P0016_2023-12-02,137.9
S005_P0017_2023-12-02,138.03
S005_P0018_2023-12-02,138.17
S005_P0019_2023-12-02,138.31
S005_P0020_2023-12-02,138.44
S001_P0001_2023-12-03,134.17
S001_P0002_2023-12-03,134.3
S001_P0003_2023-12-03,134.44
S001_P0004_2023-12-03,134.58
S001_P0005_2023-12-03,134.71
S001_P0006_2023-12-03,134.85
S001_P0007_2023-12-03,134.99
S001_P0008_2023-12-03,135.13
S001_P0009_2023-12-03,135.26
S001_P0010_2023-12-03,135.4
S001_P0011_2023-12-03,135.54
S001_P0012_2023-12-03,135.67
S001_P0013_2023-12-03,135.81
S001_P0014_2023-12-03,135.95
S001_P0015_2023-12-03,136.08
S001_P0016_2023-12-03,136.22
S001_P0017_2023-12-03,136.36
S001_P0018_2023-12-03,136.49
S001_P0019_2023-12-03,136.63
S001_P0020_2023-12-03,136.77
S002_P0001_2023-12-03,134.62
S002_P0002_2023-12-03,134.76
S002_P0003_2023-12-03,134.9
S002_P0004_2023-12-03,135.03
S002_P0005_2023-12-03,135.17
S002_P0006_2023-12-03,135.31
S002_P0007_2023-12-03,135.44
S002_P0008_2023-12-03,135.58
S002_P0009_2023-12-03,135.72
S002_P0010_2023-12-03,135.85
S002_P0011_2023-12-03,135.99
S002_P0012_2023-12-03,136.13
S002_P0013_2023-12-03,136.26
S002_P0014_2023-12-03,136.4
S002_P0015_2023-12-03,136.54
S002_P0016_2023-12-03,136.68
S002_P0017_2023-12-03,136.81
S002_P0018_2023-12-03,136.95
S002_P0019_2023-12-03,137.09
S002_P0020_2023-12-03,137.22
S003_P0001_2023-12-03,135.08
S003_P0002_2023-12-03,135.21
S003_P0003_2023-12-03,135.35
S003_P0004_2023-12-03,135.49
S003_P0005_2023-12-03,135.62
S003_P0006_2023-12-03,135.76
S003_P0007_2023-12-03,135.9
S003_P0008_2023-12-03,136.04
S003_P0009_2023-12-03,136.17
S003_P0010_2023-12-03,136.31
S003_P0011_2023-12-03,136.45
S003_P0012_2023-12-03,136.58
S003_P0013_2023-12-03,136.72
S003_P0014_2023-12-03,136.86
S003_P0015_2023-12-03,136.99
S003_P0016_2023-12-03,137.13
S003_P0017_2023-12-03,137.27
S003_P0018_2023-12-03,137.4
S003_P0019_2023-12-03,137.54
S003_P0020_2023-12-03,137.68
S004_P0001_2023-12-03,135.53
S004_P0002_2023-12-03,135.67
S004_P0003_2023-12-03,135.81
S004_P0004_2023-12-03,135.94
S004_P0005_2023-12-03,136.08
S004_P0006_2023-12-03,136.22
S004_P0007_2023-12-03,136.35
S004_P0008_2023-12-03,136.49
S004_P0009_2023-12-03,136.63
S004_P0010_2023-12-03,136.76
S004_P0011_2023-12-03,136.9
S004_P0012_2023-12-03,137.04
S004_P0013_2023-12-03,137.17
S004_P0014_2023-12-03,137.31
S004_P0015_2023-12-03,137.45
S004_P0016_2023-12-03,137.59
S004_P0017_2023-12-03,137.72
S004_P0018_2023-12-03,137.86
S004_P0019_2023-12-03,138.0
S004_P0020_2023-12-03,138.13
S005_P0001_2023-12-03,135.99
S005_P0002_2023-12-03,136.12
S005_P0003_2023-12-03,136.26
S005_P0004_2023-12-03,136.4
S005_P0005_2023-12-03,136.53
S005_P0006_2023-12-03,136.67
S005_P0007_2023-12-03,136.81
S005_P0008_2023-12-03,136.95
S005_P0009_2023-12-03,137.08
S005_P0010_2023-12-03,137.22
S005_P0011_2023-12-03,137.36
S005_P0012_2023-12-03,137.49
S005_P0013_2023-12-03,137.63
S005_P0014_2023-12-03,137.77
S005_P0015_2023-12-03,137.9
S005_P0016_2023-12-03,138.04
S005_P0017_2023-12-03,138.18
S005_P0018_2023-12-03,138.31
S005_P0019_2023-12-03,138.45
S005_P0020_2023-12-03,138.59
S001_P0001_2023-12-04,133.56
S001_P0002_2023-12-04,133.7
S001_P0003_2023-12-04,133.84
S001_P0004_2023-12-04,133.97
S001_P0005_2023-12-04,134.11
S001_P0006_2023-12-04,134.25
S001_P0007_2023-12-04,134.38
S001_P0008_2023-12-04,134.52
S001_P0009_2023-12-04,134.66
S001_P0010_2023-12-04,134.79
S001_P0011_2023-12-04,134.93
S001_P0012_2023-12-04,135.07
S001_P0013_2023-12-04,135.2
S001_P0014_2023-12-04,135.34
S001_P0015_2023-12-04,135.48
S001_P0016_2023-12-04,135.61
S001_P0017_2023-12-04,135.75
S001_P0018_2023-12-04,135.89
S001_P0019_2023-12-04,136.03
S001_P0020_2023-12-04,136.16
S002_P0001_2023-12-04,134.02
S002_P0002_2023-12-04,134.15
S002_P0003_2023-12-04,134.29
S002_P0004_2023-12-04,134.43
S002_P0005_2023-12-04,134.56
S002_P0006_2023-12-04,134.7
S002_P0007_2023-12-04,134.84
S002_P0008_2023-12-04,134.98
S002_P0009_2023-12-04,135.11
S002_P0010_2023-12-04,135.25
S002_P0011_2023-12-04,135.39
S002_P0012_2023-12-04,135.52
S002_P0013_2023-12-04,135.66
S002_P0014_2023-12-04,135.8
S002_P0015_2023-12-04,135.93
S002_P0016_2023-12-04,136.07
S002_P0017_2023-12-04,136.21
S002_P0018_2023-12-04,136.34
S002_P0019_2023-12-04,136.48
S002_P0020_2023-12-04,136.62
S003_P0001_2023-12-04,134.47
S003_P0002_2023-12-04,134.61
S003_P0003_2023-12-04,134.75
S003_P0004_2023-12-04,134.88
S003_P0005_2023-12-04,135.02
S003_P0006_2023-12-04,135.16
S003_P0007_2023-12-04,135.29
S003_P0008_2023-12-04,135.43
S003_P0009_2023-12-04,135.57
S003_P0010_2023-12-04,135.7
S003_P0011_2023-12-04,135.84
S003_P0012_2023-12-04,135.98
S003_P0013_2023-12-04,136.11
S003_P0014_2023-12-04,136.25
S003_P0015_2023-12-04,136.39
S003_P0016_2023-12-04,136.52
S003_P0017_2023-12-04,136.66
S003_P0018_2023-12-04,136.8
S003_P0019_2023-12-04,136.94
S003_P0020_2023-12-04,137.07
S004_P0001_2023-12-04,134.93
S004_P0002_2023-12-04,135.06
S004_P0003_2023-12-04,135.2
S004_P0004_2023-12-04,135.34
S004_P0005_2023-12-04,135.47
S004_P0006_2023-12-04,135.61
S004_P0007_2023-12-04,135.75
S004_P0008_2023-12-04,135.89
S004_P0009_2023-12-04,136.02
S004_P0010_2023-12-04,136.16
S004_P0011_2023-12-04,136.3
S004_P0012_2023-12-04,136.43
S004_P0013_2023-12-04,136.57
S004_P0014_2023-12-04,136.71
S004_P0015_2023-12-04,136.84
S004_P0016_2023-12-04,136.98
S004_P0017_2023-12-04,137.12
S004_P0018_2023-12-04,137.25
S004_P0019_2023-12-04,137.39
S004_P0020_2023-12-04,137.53
S005_P0001_2023-12-04,135.38
S005_P0002_2023-12-04,135.52
S005_P0003_2023-12-04,135.66
S005_P0004_2023-12-04,135.79
S005_P0005_2023-12-04,135.93
S005_P0006_2023-12-04,136.07
S005_P0007_2023-12-04,136.2
S005_P0008_2023-12-04,136.34
S005_P0009_2023-12-04,136.48
S005_P0010_2023-12-04,136.61
S005_P0011_2023-12-04,136.75
S005_P0012_2023-12-04,136.89
S005_P0013_2023-12-04,137.02
S005_P0014_2023-12-04,137.16
S005_P0015_2023-12-04,137.3
S005_P0016_2023-12-04,137.43
S005_P0017_2023-12-04,137.57
S005_P0018_2023-12-04,137.71
S005_P0019_2023-12-04,137.85
S005_P0020_2023-12-04,137.98
S001_P0001_2023-12-05,133.71
S001_P0002_2023-12-05,133.84
S001_P0003_2023-12-05,133.98
S001_P0004_2023-12-05,134.12
S001_P0005_2023-12-05,134.25
S001_P0006_2023-12-05,134.39
S001_P0007_2023-12-05,134.53
S001_P0008_2023-12-05,134.67
S001_P0009_2023-12-05,134.8
S001_P0010_2023-12-05,134.94
S001_P0011_2023-12-05,135.08
S001_P0012_2023-12-05,135.21
S001_P0013_2023-12-05,135.35
S001_P0014_2023-12-05,135.49
S001_P0015_2023-12-05,135.62
S001_P0016_2023-12-05,135.76
S001_P0017_2023-12-05,135.9
S001_P0018_2023-12-05,136.03
S001_P0019_2023-12-05,136.17
S001_P0020_2023-12-05,136.31
S002_P0001_2023-12-05,134.16
S002_P0002_2023-12-05,134.3
S002_P0003_2023-12-05,134.44
S002_P0004_2023-12-05,134.57
S002_P0005_2023-12-05,134.71
S002_P0006_2023-12-05,134.85
S002_P0007_2023-12-05,134.98
S002_P0008_2023-12-05,135.12
S002_P0009_2023-12-05,135.26
S002_P0010_2023-12-05,135.39
S002_P0011_2023-12-05,135.53
S002_P0012_2023-12-05,135.67
S002_P0013_2023-12-05,135.8
S002_P0014_2023-12-05,135.94
S002_P0015_2023-12-05,136.08
S002_P0016_2023-12-05,136.22
S002_P0017_2023-12-05,136.35
S002_P0018_2023-12-05,136.49
S002_P0019_2023-12-05,136.63
S002_P0020_2023-12-05,136.76
S003_P0001_2023-12-05,134.62
S003_P0002_2023-12-05,134.75
S003_P0003_2023-12-05,134.89
S003_P0004_2023-12-05,135.03
S003_P0005_2023-12-05,135.16
S003_P0006_2023-12-05,135.3
S003_P0007_2023-12-05,135.44
S003_P0008_2023-12-05,135.58
S003_P0009_2023-12-05,135.71
S003_P0010_2023-12-05,135.85
S003_P0011_2023-12-05,135.99
S003_P0012_2023-12-05,136.12
S003_P0013_2023-12-05,136.26
S003_P0014_2023-12-05,136.4
S003_P0015_2023-12-05,136.53
S003_P0016_2023-12-05,136.67
S003_P0017_2023-12-05,136.81
S003_P0018_2023-12-05,136.94
S003_P0019_2023-12-05,137.08
S003_P0020_2023-12-05,137.22
S004_P0001_2023-12-05,135.07
S004_P0002_2023-12-05,135.21
S004_P0003_2023-12-05,135.35
S004_P0004_2023-12-05,135.48
S004_P0005_2023-12-05,135.62
S004_P0006_2023-12-05,135.76
S004_P0007_2023-12-05,135.89
S004_P0008_2023-12-05,136.03
S004_P0009_2023-12-05,136.17
S004_P0010_2023-12-05,136.3
S004_P0011_2023-12-05,136.44
S004_P0012_2023-12-05,136.58
S004_P0013_2023-12-05,136.71
S004_P0014_2023-12-05,136.85
S004_P0015_2023-12-05,136.99
S004_P0016_2023-12-05,137.13
S004_P0017_2023-12-05,137.26
S004_P0018_2023-12-05,137.4
S004_P0019_2023-12-05,137.54
S004_P0020_2023-12-05,137.67
S005_P0001_2023-12-05,135.53
S005_P0002_2023-12-05,135.66
S005_P0003_2023-12-05,135.8
S005_P0004_2023-12-05,135.94
S005_P0005_2023-12-05,136.07
S005_P0006_2023-12-05,136.21
S005_P0007_2023-12-05,136.35
S005_P0008_2023-12-05,136.49
S005_P0009_2023-12-05,136.62
S005_P0010_2023-12-05,136.76
S005_P0011_2023-12-05,136.9
S005_P0012_2023-12-05,137.03
S005_P0013_2023-12-05,137.17
S005_P0014_2023-12-05,137.31
S005_P0015_2023-12-05,137.44
S005_P0016_2023-12-05,137.58
S005_P0017_2023-12-05,137.72
S005_P0018_2023-12-05,137.85
S005_P0019_2023-12-05,137.99
S005_P0020_2023-12-05,138.13
S001_P0001_2023-12-06,133.85
S001_P0002_2023-12-06,133.99
S001_P0003_2023-12-06,134.13
S001_P0004_2023-12-06,134.26
S001_P0005_2023-12-06,134.4
S001_P0006_2023-12-06,134.54
S001_P0007_2023-12-06,134.67
S001_P0008_2023-12-06,134.81
S001_P0009_2023-12-06,134.95
S001_P0010_2023-12-06,135.08
S001_P0011_2023-12-06,135.22
S001_P0012_2023-12-06,135.36
S001_P0013_2023-12-06,135.49
S001_P0014_2023-12-06,135.63
S001_P0015_2023-12-06,135.77
S001_P0016_2023-12-06,135.91
S001_P0017_2023-12-06,136.04
S001_P0018_2023-12-06,136.18
S001_P0019_2023-12-06,136.32
S001_P0020_2023-12-06,136.45
S002_P0001_2023-12-06,134.31
S002_P0002_2023-12-06,134.44
S002_P0003_2023-12-06,134.58
S002_P0004_2023-12-06,134.72
S002_P0005_2023-12-06,134.85
S002_P0006_2023-12-06,134.99
S002_P0007_2023-12-06,135.13
S002_P0008_2023-12-06,135.27
S002_P0009_2023-12-06,135.4
S002_P0010_2023-12-06,135.54
S002_P0011_2023-12-06,135.68
S002_P0012_2023-12-06,135.81
S002_P0013_2023-12-06,135.95
S002_P0014_2023-12-06,136.09
S002_P0015_2023-12-06,136.22
S002_P0016_2023-12-06,136.36
S002_P0017_2023-12-06,136.5
S002_P0018_2023-12-06,136.63
S002_P0019_2023-12-06,136.77
S002_P0020_2023-12-06,136.91
S003_P0001_2023-12-06,134.76
S003_P0002_2023-12-06,134.9
S003_P0003_2023-12-06,135.04
S003_P0004_2023-12-06,135.17
S003_P0005_2023-12-06,135.31
S003_P0006_2023-12-06,135.45
S003_P0007_2023-12-06,135.58
S003_P0008_2023-12-06,135.72
S003_P0009_2023-12-06,135.86
S003_P0010_2023-12-06,135.99
S003_P0011_2023-12-06,136.13
S003_P0012_2023-12-06,136.27
S003_P0013_2023-12-06,136.4
S003_P0014_2023-12-06,136.54
S003_P0015_2023-12-06,136.68
S003_P0016_2023-12-06,136.82
S003_P0017_2023-12-06,136.95
S003_P0018_2023-12-06,137.09
S003_P0019_2023-12-06,137.23
S003_P0020_2023-12-06,137.36
S004_P0001_2023-12-06,135.22
S004_P0002_2023-12-06,135.35
S004_P0003_2023-12-06,135.49
S004_P0004_2023-12-06,135.63
S004_P0005_2023-12-06,135.76
S004_P0006_2023-12-06,135.9
S004_P0007_2023-12-06,136.04
S004_P0008_2023-12-06,136.18
S004_P0009_2023-12-06,136.31
S004_P0010_2023-12-06,136.45
S004_P0011_2023-12-06,136.59
S004_P0012_2023-12-06,136.72
S004_P0013_2023-12-06,136.86
S004_P0014_2023-12-06,137.0
S004_P0015_2023-12-06,137.13
S004_P0016_2023-12-06,137.27
S004_P0017_2023-12-06,137.41
S004_P0018_2023-12-06,137.54
S004_P0019_2023-12-06,137.68
S004_P0020_2023-12-06,137.82
S005_P0001_2023-12-06,135.67
S005_P0002_2023-12-06,135.81
S005_P0003_2023-12-06,135.95
S005_P0004_2023-12-06,136.08
S005_P0005_2023-12-06,136.22
S005_P0006_2023-12-06,136.36
S005_P0007_2023-12-06,136.49
S005_P0008_2023-12-06,136.63
S005_P0009_2023-12-06,136.77
S005_P0010_2023-12-06,136.9
S005_P0011_2023-12-06,137.04
S005_P0012_2023-12-06,137.18
S005_P0013_2023-12-06,137.31
S005_P0014_2023-12-06,137.45
S005_P0015_2023-12-06,137.59
S005_P0016_2023-12-06,137.73
S005_P0017_2023-12-06,137.86
S005_P0018_2023-12-06,138.0
S005_P0019_2023-12-06,138.14
S005_P0020_2023-12-06,138.27
S001_P0001_2023-12-07,134.0
S001_P0002_2023-12-07,134.13
S001_P0003_2023-12-07,134.27
S001_P0004_2023-12-07,134.41
S001_P0005_2023-12-07,134.54
S001_P0006_2023-12-07,134.68
S001_P0007_2023-12-07,134.82
S001_P0008_2023-12-07,134.96
S001_P0009_2023-12-07,135.09
S001_P0010_2023-12-07,135.23
S001_P0011_2023-12-07,135.37
S001_P0012_2023-12-07,135.5
S001_P0013_2023-12-07,135.64
S001_P0014_2023-12-07,135.78
S001_P0015_2023-12-07,135.91
S001_P0016_2023-12-07,136.05
S001_P0017_2023-12-07,136.19
S001_P0018_2023-12-07,136.32
S001_P0019_2023-12-07,136.46
S001_P0020_2023-12-07,136.6
S002_P0001_2023-12-07,134.45
S002_P0002_2023-12-07,134.59
S002_P0003_2023-12-07,134.73
S002_P0004_2023-12-07,134.86
S002_P0005_2023-12-07,135.0
S002_P0006_2023-12-07,135.14
S002_P0007_2023-12-07,135.27
S002_P0008_2023-12-07,135.41
S002_P0009_2023-12-07,135.55
S002_P0010_2023-12-07,135.68
S002_P0011_2023-12-07,135.82
S002_P0012_2023-12-07,135.96
S002_P0013_2023-12-07,136.09
S002_P0014_2023-12-07,136.23
S002_P0015_2023-12-07,136.37
S002_P0016_2023-12-07,136.51
S002_P0017_2023-12-07,136.64
S002_P0018_2023-12-07,136.78
S002_P0019_2023-12-07,136.92
S002_P0020_2023-12-07,137.05
S003_P0001_2023-12-07,134.91
S003_P0002_2023-12-07,135.04
S003_P0003_2023-12-07,135.18
S003_P0004_2023-12-07,135.32
S003_P0005_2023-12-07,135.45
S003_P0006_2023-12-07,135.59
S003_P0007_2023-12-07,135.73
S003_P0008_2023-12-07,135.87
S003_P0009_2023-12-07,136.0
S003_P0010_2023-12-07,136.14
S003_P0011_2023-12-07,136.28
S003_P0012_2023-12-07,136.41
S003_P0013_2023-12-07,136.55
S003_P0014_2023-12-07,136.69
S003_P0015_2023-12-07,136.82
S003_P0016_2023-12-07,136.96
S003_P0017_2023-12-07,137.1
S003_P0018_2023-12-07,137.23
S003_P0019_2023-12-07,137.37
S003_P0020_2023-12-07,137.51
S004_P0001_2023-12-07,135.36
S004_P0002_2023-12-07,135.5
S004_P0003_2023-12-07,135.64
S004_P0004_2023-12-07,135.77
S004_P0005_2023-12-07,135.91
S004_P0006_2023-12-07,136.05
S004_P0007_2023-12-07,136.18
S004_P0008_2023-12-07,136.32
S004_P0009_2023-12-07,136.46
S004_P0010_2023-12-07,136.59
S004_P0011_2023-12-07,136.73
S004_P0012_2023-12-07,136.87
S004_P0013_2023-12-07,137.0
S004_P0014_2023-12-07,137.14
S004_P0015_2023-12-07,137.28
S004_P0016_2023-12-07,137.42
S004_P0017_2023-12-07,137.55
S004_P0018_2023-12-07,137.69
S004_P0019_2023-12-07,137.83
S004_P0020_2023-12-07,137.96
S005_P0001_2023-12-07,135.82
S005_P0002_2023-12-07,135.95
S005_P0003_2023-12-07,136.09
S005_P0004_2023-12-07,136.23
S005_P0005_2023-12-07,136.36
S005_P0006_2023-12-07,136.5
S005_P0007_2023-12-07,136.64
S005_P0008_2023-12-07,136.78
S005_P0009_2023-12-07,136.91
S005_P0010_2023-12-07,137.05
S005_P0011_2023-12-07,137.19
S005_P0012_2023-12-07,137.32
S005_P0013_2023-12-07,137.46
S005_P0014_2023-12-07,137.6
S005_P0015_2023-12-07,137.73
S005_P0016_2023-12-07,137.87
S005_P0017_2023-12-07,138.01
S005_P0018_2023-12-07,138.14
S005_P0019_2023-12-07,138.28
S005_P0020_2023-12-07,138.42
S001_P0001_2023-12-08,134.14
S001_P0002_2023-12-08,134.28
S001_P0003_2023-12-08,134.42
S001_P0004_2023-12-08,134.55
S001_P0005_2023-12-08,134.69
S001_P0006_2023-12-08,134.83
S001_P0007_2023-12-08,134.96
S001_P0008_2023-12-08,135.1
S001_P0009_2023-12-08,135.24
S001_P0010_2023-12-08,135.37
S001_P0011_2023-12-08,135.51
S001_P0012_2023-12-08,135.65
S001_P0013_2023-12-08,135.78
S001_P0014_2023-12-08,135.92
S001_P0015_2023-12-08,136.06
S001_P0016_2023-12-08,136.2
S001_P0017_2023-12-08,136.33
S001_P0018_2023-12-08,136.47
S001_P0019_2023-12-08,136.61
S001_P0020_2023-12-08,136.74
S002_P0001_2023-12-08,134.6
S002_P0002_2023-12-08,134.73
S002_P0003_2023-12-08,134.87
S002_P0004_2023-12-08,135.01
S002_P0005_2023-12-08,135.15
S002_P0006_2023-12-08,135.28
S002_P0007_2023-12-08,135.42
S002_P0008_2023-12-08,135.56
S002_P0009_2023-12-08,135.69
S002_P0010_2023-12-08,135.83
S002_P0011_2023-12-08,135.97
S002_P0012_2023-12-08,136.1
S002_P0013_2023-12-08,136.24
S002_P0014_2023-12-08,136.38
S002_P0015_2023-12-08,136.51
S002_P0016_2023-12-08,136.65
S002_P0017_2023-12-08,136.79
S002_P0018_2023-12-08,136.92
S002_P0019_2023-12-08,137.06
S002_P0020_2023-12-08,137.2
S003_P0001_2023-12-08,135.05
S003_P0002_2023-12-08,135.19
S003_P0003_2023-12-08,135.33
S003_P0004_2023-12-08,135.46
S003_P0005_2023-12-08,135.6
S003_P0006_2023-12-08,135.74
S003_P0007_2023-12-08,135.87
S003_P0008_2023-12-08,136.01
S003_P0009_2023-12-08,136.15
S003_P0010_2023-12-08,136.28
S003_P0011_2023-12-08,136.42
S003_P0012_2023-12-08,136.56
S003_P0013_2023-12-08,136.69
S003_P0014_2023-12-08,136.83
S003_P0015_2023-12-08,136.97
S003_P0016_2023-12-08,137.11
S003_P0017_2023-12-08,137.24
S003_P0018_2023-12-08,137.38
S003_P0019_2023-12-08,137.52
S003_P0020_2023-12-08,137.65
S004_P0001_2023-12-08,135.51
S004_P0002_2023-12-08,135.64
S004_P0003_2023-12-08,135.78
S004_P0004_2023-12-08,135.92
S004_P0005_2023-12-08,136.06
S004_P0006_2023-12-08,136.19
S004_P0007_2023-12-08,136.33
S004_P0008_2023-12-08,136.47
S004_P0009_2023-12-08,136.6
S004_P0010_2023-12-08,136.74
S004_P0011_2023-12-08,136.88
S004_P0012_2023-12-08,137.01
S004_P0013_2023-12-08,137.15
S004_P0014_2023-12-08,137.29
S004_P0015_2023-12-08,137.42
S004_P0016_2023-12-08,137.56
S004_P0017_2023-12-08,137.7
S004_P0018_2023-12-08,137.83
S004_P0019_2023-12-08,137.97
S004_P0020_2023-12-08,138.11
S005_P0001_2023-12-08,135.96
S005_P0002_2023-12-08,136.1
S005_P0003_2023-12-08,136.24
S005_P0004_2023-12-08,136.37
S005_P0005_2023-12-08,136.51
S005_P0006_2023-12-08,136.65
S005_P0007_2023-12-08,136.78
S005_P0008_2023-12-08,136.92
S005_P0009_2023-12-08,137.06
S005_P0010_2023-12-08,137.19
S005_P0011_2023-12-08,137.33
S005_P0012_2023-12-08,137.47
S005_P0013_2023-12-08,137.6
S005_P0014_2023-12-08,137.74
S005_P0015_2023-12-08,137.88
S005_P0016_2023-12-08,138.02
S005_P0017_2023-12-08,138.15
S005_P0018_2023-12-08,138.29
S005_P0019_2023-12-08,138.43
S005_P0020_2023-12-08,138.56
S001_P0001_2023-12-09,134.29
S001_P0002_2023-12-09,134.42
S001_P0003_2023-12-09,134.56
S001_P0004_2023-12-09,134.7
S001_P0005_2023-12-09,134.84
S001_P0006_2023-12-09,134.97
S001_P0007_2023-12-09,135.11
S001_P0008_2023-12-09,135.25
S001_P0009_2023-12-09,135.38
S001_P0010_2023-12-09,135.52
S001_P0011_2023-12-09,135.66
S001_P0012_2023-12-09,135.79
S001_P0013_2023-12-09,135.93
S001_P0014_2023-12-09,136.07
S001_P0015_2023-12-09,136.2
S001_P0016_2023-12-09,136.34
S001_P0017_2023-12-09,136.48
S001_P0018_2023-12-09,136.61
S001_P0019_2023-12-09,136.75
S001_P0020_2023-12-09,136.89
S002_P0001_2023-12-09,134.74
S002_P0002_2023-12-09,134.88
S002_P0003_2023-12-09,135.02
S002_P0004_2023-12-09,135.15
S002_P0005_2023-12-09,135.29
S002_P0006_2023-12-09,135.43
S002_P0007_2023-12-09,135.56
S002_P0008_2023-12-09,135.7
S002_P0009_2023-12-09,135.84
S002_P0010_2023-12-09,135.97
S002_P0011_2023-12-09,136.11
S002_P0012_2023-12-09,136.25
S002_P0013_2023-12-09,136.38
S002_P0014_2023-12-09,136.52
S002_P0015_2023-12-09,136.66
S002_P0016_2023-12-09,136.8
S002_P0017_2023-12-09,136.93
S002_P0018_2023-12-09,137.07
S002_P0019_2023-12-09,137.21
S002_P0020_2023-12-09,137.34
S003_P0001_2023-12-09,135.2
S003_P0002_2023-12-09,135.33
S003_P0003_2023-12-09,135.47
S003_P0004_2023-12-09,135.61
S003_P0005_2023-12-09,135.75
S003_P0006_2023-12-09,135.88
S003_P0007_2023-12-09,136.02
S003_P0008_2023-12-09,136.16
S003_P0009_2023-12-09,136.29
S003_P0010_2023-12-09,136.43
S003_P0011_2023-12-09,136.57
S003_P0012_2023-12-09,136.7
S003_P0013_2023-12-09,136.84
S003_P0014_2023-12-09,136.98
S003_P0015_2023-12-09,137.11
S003_P0016_2023-12-09,137.25
S003_P0017_2023-12-09,137.39
S003_P0018_2023-12-09,137.52
S003_P0019_2023-12-09,137.66
S003_P0020_2023-12-09,137.8
S004_P0001_2023-12-09,135.65
S004_P0002_2023-12-09,135.79
S004_P0003_2023-12-09,135.93
S004_P0004_2023-12-09,136.06
S004_P0005_2023-12-09,136.2
S004_P0006_2023-12-09,136.34
S004_P0007_2023-12-09,136.47
S004_P0008_2023-12-09,136.61
S004_P0009_2023-12-09,136.75
S004_P0010_2023-12-09,136.88
S004_P0011_2023-12-09,137.02
S004_P0012_2023-12-09,137.16
S004_P0013_2023-12-09,137.29
S004_P0014_2023-12-09,137.43
S004_P0015_2023-12-09,137.57
S004_P0016_2023-12-09,137.71
S004_P0017_2023-12-09,137.84
S004_P0018_2023-12-09,137.98
S004_P0019_2023-12-09,138.12
S004_P0020_2023-12-09,138.25
S005_P0001_2023-12-09,136.11
S005_P0002_2023-12-09,136.24
S005_P0003_2023-12-09,136.38
S005_P0004_2023-12-09,136.52
S005_P0005_2023-12-09,136.66
S005_P0006_2023-12-09,136.79
S005_P0007_2023-12-09,136.93
S005_P0008_2023-12-09,137.07
S005_P0009_2023-12-09,137.2
S005_P0010_2023-12-09,137.34
S005_P0011_2023-12-09,137.48
S005_P0012_2023-12-09,137.61
S005_P0013_2023-12-09,137.75
S005_P0014_2023-12-09,137.89
S005_P0015_2023-12-09,138.02
S005_P0016_2023-12-09,138.16
S005_P0017_2023-12-09,138.3
S005_P0018_2023-12-09,138.43
S005_P0019_2023-12-09,138.57
S005_P0020_2023-12-09,138.71
S001_P0001_2023-12-10,134.43
S001_P0002_2023-12-10,134.57
S001_P0003_2023-12-10,134.71
S001_P0004_2023-12-10,134.84
S001_P0005_2023-12-10,134.98
S001_P0006_2023-12-10,135.12
S001_P0007_2023-12-10,135.25
S001_P0008_2023-12-10,135.39
S001_P0009_2023-12-10,135.53
S001_P0010_2023-12-10,135.66
S001_P0011_2023-12-10,135.8
S001_P0012_2023-12-10,135.94
S001_P0013_2023-12-10,136.08
S001_P0014_2023-12-10,136.21
S001_P0015_2023-12-10,136.35
S001_P0016_2023-12-10,136.49
S001_P0017_2023-12-10,136.62
S001_P0018_2023-12-10,136.76
S001_P0019_2023-12-10,136.9
S001_P0020_2023-12-10,137.03
S002_P0001_2023-12-10,134.89
S002_P0002_2023-12-10,135.02
S002_P0003_2023-12-10,135.16
S002_P0004_2023-12-10,135.3
S002_P0005_2023-12-10,135.44
S002_P0006_2023-12-10,135.57
S002_P0007_2023-12-10,135.71
S002_P0008_2023-12-10,135.85
S002_P0009_2023-12-10,135.98
S002_P0010_2023-12-10,136.12
S002_P0011_2023-12-10,136.26
S002_P0012_2023-12-10,136.39
S002_P0013_2023-12-10,136.53
S002_P0014_2023-12-10,136.67
S002_P0015_2023-12-10,136.8
S002_P0016_2023-12-10,136.94
S002_P0017_2023-12-10,137.08
S002_P0018_2023-12-10,137.21
S002_P0019_2023-12-10,137.35
S002_P0020_2023-12-10,137.49
S003_P0001_2023-12-10,135.34
S003_P0002_2023-12-10,135.48
S003_P0003_2023-12-10,135.62
S003_P0004_2023-12-10,135.75
S003_P0005_2023-12-10,135.89
S003_P0006_2023-12-10,136.03
S003_P0007_2023-12-10,136.16
S003_P0008_2023-12-10,136.3
S003_P0009_2023-12-10,136.44
S003_P0010_2023-12-10,136.57
S003_P0011_2023-12-10,136.71
S003_P0012_2023-12-10,136.85
S003_P0013_2023-12-10,136.99
S003_P0014_2023-12-10,137.12
S003_P0015_2023-12-10,137.26
S003_P0016_2023-12-10,137.4
S003_P0017_2023-12-10,137.53
S003_P0018_2023-12-10,137.67
S003_P0019_2023-12-10,137.81
S003_P0020_2023-12-10,137.94
S004_P0001_2023-12-10,135.8
S004_P0002_2023-12-10,135.93
S004_P0003_2023-12-10,136.07
S004_P0004_2023-12-10,136.21
S004_P0005_2023-12-10,136.35
S004_P0006_2023-12-10,136.48
S004_P0007_2023-12-10,136.62
S004_P0008_2023-12-10,136.76
S004_P0009_2023-12-10,136.89
S004_P0010_2023-12-10,137.03
S004_P0011_2023-12-10,137.17
S004_P0012_2023-12-10,137.3
S004_P0013_2023-12-10,137.44
S004_P0014_2023-12-10,137.58
S004_P0015_2023-12-10,137.71
S004_P0016_2023-12-10,137.85
S004_P0017_2023-12-10,137.99
S004_P0018_2023-12-10,138.12
S004_P0019_2023-12-10,138.26
S004_P0020_2023-12-10,138.4
S005_P0001_2023-12-10,136.25
S005_P0002_2023-12-10,136.39
S005_P0003_2023-12-10,136.53
S005_P0004_2023-12-10,136.66
S005_P0005_2023-12-10,136.8
S005_P0006_2023-12-10,136.94
S005_P0007_2023-12-10,137.07
S005_P0008_2023-12-10,137.21
S005_P0009_2023-12-10,137.35
S005_P0010_2023-12-10,137.48
S005_P0011_2023-12-10,137.62
S005_P0012_2023-12-10,137.76
S005_P0013_2023-12-10,137.9
S005_P0014_2023-12-10,138.03
S005_P0015_2023-12-10,138.17
S005_P0016_2023-12-10,138.31
S005_P0017_2023-12-10,138.44
S005_P0018_2023-12-10,138.58
S005_P0019_2023-12-10,138.72
S005_P0020_2023-12-10,138.85
S001_P0001_2023-12-11,133.83
S001_P0002_2023-12-11,133.96
S001_P0003_2023-12-11,134.1
S001_P0004_2023-12-11,134.24
S001_P0005_2023-12-11,134.38
S001_P0006_2023-12-11,134.51
S001_P0007_2023-12-11,134.65
S001_P0008_2023-12-11,134.79
S001_P0009_2023-12-11,134.92
S001_P0010_2023-12-11,135.06
S001_P0011_2023-12-11,135.2
S001_P0012_2023-12-11,135.33
S001_P0013_2023-12-11,135.47
S001_P0014_2023-12-11,135.61
S001_P0015_2023-12-11,135.74
S001_P0016_2023-12-11,135.88
S001_P0017_2023-12-11,136.02
S001_P0018_2023-12-11,136.15
S001_P0019_2023-12-11,136.29
S001_P0020_2023-12-11,136.43
S002_P0001_2023-12-11,134.28
S002_P0002_2023-12-11,134.42
S002_P0003_2023-12-11,134.56
S002_P0004_2023-12-11,134.69
S002_P0005_2023-12-11,134.83
S002_P0006_2023-12-11,134.97
S002_P0007_2023-12-11,135.1
S002_P0008_2023-12-11,135.24
S002_P0009_2023-12-11,135.38
S002_P0010_2023-12-11,135.51
S002_P0011_2023-12-11,135.65
S002_P0012_2023-12-11,135.79
S002_P0013_2023-12-11,135.92
S002_P0014_2023-12-11,136.06
S002_P0015_2023-12-11,136.2
S002_P0016_2023-12-11,136.34
S002_P0017_2023-12-11,136.47
S002_P0018_2023-12-11,136.61
S002_P0019_2023-12-11,136.75
S002_P0020_2023-12-11,136.88
S003_P0001_2023-12-11,134.74
S003_P0002_2023-12-11,134.87
S003_P0003_2023-12-11,135.01
S003_P0004_2023-12-11,135.15
S003_P0005_2023-12-11,135.29
S003_P0006_2023-12-11,135.42
S003_P0007_2023-12-11,135.56
S003_P0008_2023-12-11,135.7
S003_P0009_2023-12-11,135.83
S003_P0010_2023-12-11,135.97
S003_P0011_2023-12-11,136.11
S003_P0012_2023-12-11,136.24
S003_P0013_2023-12-11,136.38
S003_P0014_2023-12-11,136.52
S003_P0015_2023-12-11,136.65
S003_P0016_2023-12-11,136.79
S003_P0017_2023-12-11,136.93
S003_P0018_2023-12-11,137.06
S003_P0019_2023-12-11,137.2
S003_P0020_2023-12-11,137.34
S004_P0001_2023-12-11,135.19
S004_P0002_2023-12-11,135.33
S004_P0003_2023-12-11,135.47
S004_P0004_2023-12-11,135.6
S004_P0005_2023-12-11,135.74
S004_P0006_2023-12-11,135.88
S004_P0007_2023-12-11,136.01
S004_P0008_2023-12-11,136.15
S004_P0009_2023-12-11,136.29
S004_P0010_2023-12-11,136.42
S004_P0011_2023-12-11,136.56
S004_P0012_2023-12-11,136.7
S004_P0013_2023-12-11,136.83
S004_P0014_2023-12-11,136.97
S004_P0015_2023-12-11,137.11
S004_P0016_2023-12-11,137.25
S004_P0017_2023-12-11,137.38
S004_P0018_2023-12-11,137.52
S004_P0019_2023-12-11,137.66
S004_P0020_2023-12-11,137.79
S005_P0001_2023-12-11,135.65
S005_P0002_2023-12-11,135.78
S005_P0003_2023-12-11,135.92
S005_P0004_2023-12-11,136.06
S005_P0005_2023-12-11,136.2
S005_P0006_2023-12-11,136.33
S005_P0007_2023-12-11,136.47
S005_P0008_2023-12-11,136.61
S005_P0009_2023-12-11,136.74
S005_P0010_2023-12-11,136.88
S005_P0011_2023-12-11,137.02
S005_P0012_2023-12-11,137.15
S005_P0013_2023-12-11,137.29
S005_P0014_2023-12-11,137.43
S005_P0015_2023-12-11,137.56
S005_P0016_2023-12-11,137.7
S005_P0017_2023-12-11,137.84
S005_P0018_2023-12-11,137.97
S005_P0019_2023-12-11,138.11
S005_P0020_2023-12-11,138.25
S001_P0001_2023-12-12,133.97
S001_P0002_2023-12-12,134.11
S001_P0003_2023-12-12,134.25
S001_P0004_2023-12-12,134.38
S001_P0005_2023-12-12,134.52
S001_P0006_2023-12-12,134.66
S001_P0007_2023-12-12,134.79
S001_P0008_2023-12-12,134.93
S001_P0009_2023-12-12,135.07
S001_P0010_2023-12-12,135.2
S001_P0011_2023-12-12,135.34
S001_P0012_2023-12-12,135.48
S001_P0013_2023-12-12,135.61
S001_P0014_2023-12-12,135.75
S001_P0015_2023-12-12,135.89
S001_P0016_2023-12-12,136.03
S001_P0017_2023-12-12,136.16
S001_P0018_2023-12-12,136.3
S001_P0019_2023-12-12,136.44
S001_P0020_2023-12-12,136.57
S002_P0001_2023-12-12,134.43
S002_P0002_2023-12-12,134.56
S002_P0003_2023-12-12,134.7
S002_P0004_2023-12-12,134.84
S002_P0005_2023-12-12,134.98
S002_P0006_2023-12-12,135.11
S002_P0007_2023-12-12,135.25
S002_P0008_2023-12-12,135.39
S002_P0009_2023-12-12,135.52
S002_P0010_2023-12-12,135.66
S002_P0011_2023-12-12,135.8
S002_P0012_2023-12-12,135.93
S002_P0013_2023-12-12,136.07
S002_P0014_2023-12-12,136.21
S002_P0015_2023-12-12,136.34
S002_P0016_2023-12-12,136.48
S002_P0017_2023-12-12,136.62
S002_P0018_2023-12-12,136.75
S002_P0019_2023-12-12,136.89
S002_P0020_2023-12-12,137.03
S003_P0001_2023-12-12,134.88
S003_P0002_2023-12-12,135.02
S003_P0003_2023-12-12,135.16
S003_P0004_2023-12-12,135.29
S003_P0005_2023-12-12,135.43
S003_P0006_2023-12-12,135.57
S003_P0007_2023-12-12,135.7
S003_P0008_2023-12-12,135.84
S003_P0009_2023-12-12,135.98
S003_P0010_2023-12-12,136.11
S003_P0011_2023-12-12,136.25
S003_P0012_2023-12-12,136.39
S003_P0013_2023-12-12,136.52
S003_P0014_2023-12-12,136.66
S003_P0015_2023-12-12,136.8
S003_P0016_2023-12-12,136.94
S003_P0017_2023-12-12,137.07
S003_P0018_2023-12-12,137.21
S003_P0019_2023-12-12,137.35
S003_P0020_2023-12-12,137.48
S004_P0001_2023-12-12,135.34
S004_P0002_2023-12-12,135.47
S004_P0003_2023-12-12,135.61
S004_P0004_2023-12-12,135.75
S004_P0005_2023-12-12,135.89
S004_P0006_2023-12-12,136.02
S004_P0007_2023-12-12,136.16
S004_P0008_2023-12-12,136.3
S004_P0009_2023-12-12,136.43
S004_P0010_2023-12-12,136.57
S004_P0011_2023-12-12,136.71
S004_P0012_2023-12-12,136.84
S004_P0013_2023-12-12,136.98
S004_P0014_2023-12-12,137.12
S004_P0015_2023-12-12,137.25
S004_P0016_2023-12-12,137.39
S004_P0017_2023-12-12,137.53
S004_P0018_2023-12-12,137.66
S004_P0019_2023-12-12,137.8
S004_P0020_2023-12-12,137.94
S005_P0001_2023-12-12,135.79
S005_P0002_2023-12-12,135.93
S005_P0003_2023-12-12,136.07
S005_P0004_2023-12-12,136.2
S005_P0005_2023-12-12,136.34
S005_P0006_2023-12-12,136.48
S005_P0007_2023-12-12,136.61
S005_P0008_2023-12-12,136.75
S005_P0009_2023-12-12,136.89
S005_P0010_2023-12-12,137.02
S005_P0011_2023-12-12,137.16
S005_P0012_2023-12-12,137.3
S005_P0013_2023-12-12,137.43
S005_P0014_2023-12-12,137.57
S005_P0015_2023-12-12,137.71
S005_P0016_2023-12-12,137.85
S005_P0017_2023-12-12,137.98
S005_P0018_2023-12-12,138.12
S005_P0019_2023-12-12,138.26
S005_P0020_2023-12-12,138.39
S001_P0001_2023-12-13,134.12
S001_P0002_2023-12-13,134.25
S001_P0003_2023-12-13,134.39
S001_P0004_2023-12-13,134.53
S001_P0005_2023-12-13,134.67
S001_P0006_2023-12-13,134.8
S001_P0007_2023-12-13,134.94
S001_P0008_2023-12-13,135.08
S001_P0009_2023-12-13,135.21
S001_P0010_2023-12-13,135.35
S001_P0011_2023-12-13,135.49
S001_P0012_2023-12-13,135.62
S001_P0013_2023-12-13,135.76
S001_P0014_2023-12-13,135.9
S001_P0015_2023-12-13,136.03
S001_P0016_2023-12-13,136.17
S001_P0017_2023-12-13,136.31
S001_P0018_2023-12-13,136.44
S001_P0019_2023-12-13,136.58
S001_P0020_2023-12-13,136.72
S002_P0001_2023-12-13,134.57
S002_P0002_2023-12-13,134.71
S002_P0003_2023-12-13,134.85
S002_P0004_2023-12-13,134.98
S002_P0005_2023-12-13,135.12
S002_P0006_2023-12-13,135.26
S002_P0007_2023-12-13,135.39
S002_P0008_2023-12-13,135.53
S002_P0009_2023-12-13,135.67
S002_P0010_2023-12-13,135.8
S002_P0011_2023-12-13,135.94
S002_P0012_2023-12-13,136.08
S002_P0013_2023-12-13,136.22
S002_P0014_2023-12-13,136.35
S002_P0015_2023-12-13,136.49
S002_P0016_2023-12-13,136.63
S002_P0017_2023-12-13,136.76
S002_P0018_2023-12-13,136.9
S002_P0019_2023-12-13,137.04
S002_P0020_2023-12-13,137.17
S003_P0001_2023-12-13,135.03
S003_P0002_2023-12-13,135.16
S003_P0003_2023-12-13,135.3
S003_P0004_2023-12-13,135.44
S003_P0005_2023-12-13,135.58
S003_P0006_2023-12-13,135.71
S003_P0007_2023-12-13,135.85
S003_P0008_2023-12-13,135.99
S003_P0009_2023-12-13,136.12
S003_P0010_2023-12-13,136.26
S003_P0011_2023-12-13,136.4
S003_P0012_2023-12-13,136.53
S003_P0013_2023-12-13,136.67
S003_P0014_2023-12-13,136.81
S003_P0015_2023-12-13,136.94
S003_P0016_2023-12-13,137.08
S003_P0017_2023-12-13,137.22
S003_P0018_2023-12-13,137.35
S003_P0019_2023-12-13,137.49
S003_P0020_2023-12-13,137.63
S004_P0001_2023-12-13,135.48
S004_P0002_2023-12-13,135.62
S004_P0003_2023-12-13,135.76
S004_P0004_2023-12-13,135.89
S004_P0005_2023-12-13,136.03
S004_P0006_2023-12-13,136.17
S004_P0007_2023-12-13,136.3
S004_P0008_2023-12-13,136.44
S004_P0009_2023-12-13,136.58
S004_P0010_2023-12-13,136.71
S004_P0011_2023-12-13,136.85
S004_P0012_2023-12-13,136.99
S004_P0013_2023-12-13,137.13
S004_P0014_2023-12-13,137.26
S004_P0015_2023-12-13,137.4
S004_P0016_2023-12-13,137.54
S004_P0017_2023-12-13,137.67
S004_P0018_2023-12-13,137.81
S004_P0019_2023-12-13,137.95
S004_P0020_2023-12-13,138.08
S005_P0001_2023-12-13,135.94
S005_P0002_2023-12-13,136.07
S005_P0003_2023-12-13,136.21
S005_P0004_2023-12-13,136.35
S005_P0005_2023-12-13,136.49
S005_P0006_2023-12-13,136.62
S005_P0007_2023-12-13,136.76
S005_P0008_2023-12-13,136.9
S005_P0009_2023-12-13,137.03
S005_P0010_2023-12-13,137.17
S005_P0011_2023-12-13,137.31
S005_P0012_2023-12-13,137.44
S005_P0013_2023-12-13,137.58
S005_P0014_2023-12-13,137.72
S005_P0015_2023-12-13,137.85
S005_P0016_2023-12-13,137.99
S005_P0017_2023-12-13,138.13
S005_P0018_2023-12-13,138.26
S005_P0019_2023-12-13,138.4
S005_P0020_2023-12-13,138.54
S001_P0001_2023-12-14,134.26
S001_P0002_2023-12-14,134.4
S001_P0003_2023-12-14,134.54
S001_P0004_2023-12-14,134.67
S001_P0005_2023-12-14,134.81
S001_P0006_2023-12-14,134.95
S001_P0007_2023-12-14,135.08
S001_P0008_2023-12-14,135.22
S001_P0009_2023-12-14,135.36
S001_P0010_2023-12-14,135.49
S001_P0011_2023-12-14,135.63
S001_P0012_2023-12-14,135.77
S001_P0013_2023-12-14,135.91
S001_P0014_2023-12-14,136.04
S001_P0015_2023-12-14,136.18
S001_P0016_2023-12-14,136.32
S001_P0017_2023-12-14,136.45
S001_P0018_2023-12-14,136.59
S001_P0019_2023-12-14,136.73
S001_P0020_2023-12-14,136.86
S002_P0001_2023-12-14,134.72
S002_P0002_2023-12-14,134.85
S002_P0003_2023-12-14,134.99
S002_P0004_2023-12-14,135.13
S002_P0005_2023-12-14,135.27
S002_P0006_2023-12-14,135.4
S002_P0007_2023-12-14,135.54
S002_P0008_2023-12-14,135.68
S002_P0009_2023-12-14,135.81
S002_P0010_2023-12-14,135.95
S002_P0011_2023-12-14,136.09
S002_P0012_2023-12-14,136.22
S002_P0013_2023-12-14,136.36
S002_P0014_2023-12-14,136.5
S002_P0015_2023-12-14,136.63
S002_P0016_2023-12-14,136.77
S002_P0017_2023-12-14,136.91
S002_P0018_2023-12-14,137.04
S002_P0019_2023-12-14,137.18
S002_P0020_2023-12-14,137.32
S003_P0001_2023-12-14,135.17
S003_P0002_2023-12-14,135.31
S003_P0003_2023-12-14,135.45
S003_P0004_2023-12-14,135.58
S003_P0005_2023-12-14,135.72
S003_P0006_2023-12-14,135.86
S003_P0007_2023-12-14,135.99
S003_P0008_2023-12-14,136.13
S003_P0009_2023-12-14,136.27
S003_P0010_2023-12-14,136.4
S003_P0011_2023-12-14,136.54
S003_P0012_2023-12-14,136.68
S003_P0013_2023-12-14,136.82
S003_P0014_2023-12-14,136.95
S003_P0015_2023-12-14,137.09
S003_P0016_2023-12-14,137.23
S003_P0017_2023-12-14,137.36
S003_P0018_2023-12-14,137.5
S003_P0019_2023-12-14,137.64
S003_P0020_2023-12-14,137.77
S004_P0001_2023-12-14,135.63
S004_P0002_2023-12-14,135.76
S004_P0003_2023-12-14,135.9
S004_P0004_2023-12-14,136.04
S004_P0005_2023-12-14,136.18
S004_P0006_2023-12-14,136.31
S004_P0007_2023-12-14,136.45
S004_P0008_2023-12-14,136.59
S004_P0009_2023-12-14,136.72
S004_P0010_2023-12-14,136.86
S004_P0011_2023-12-14,137.0
S004_P0012_2023-12-14,137.13
S004_P0013_2023-12-14,137.27
S004_P0014_2023-12-14,137.41
S004_P0015_2023-12-14,137.54
S004_P0016_2023-12-14,137.68
S004_P0017_2023-12-14,137.82
S004_P0018_2023-12-14,137.95
S004_P0019_2023-12-14,138.09
S004_P0020_2023-12-14,138.23
S005_P0001_2023-12-14,136.08
S005_P0002_2023-12-14,136.22
S005_P0003_2023-12-14,136.36
S005_P0004_2023-12-14,136.49
S005_P0005_2023-12-14,136.63
S005_P0006_2023-12-14,136.77
S005_P0007_2023-12-14,136.9
S005_P0008_2023-12-14,137.04
S005_P0009_2023-12-14,137.18
S005_P0010_2023-12-14,137.31
S005_P0011_2023-12-14,137.45
S005_P0012_2023-12-14,137.59
S005_P0013_2023-12-14,137.73
S005_P0014_2023-12-14,137.86
S005_P0015_2023-12-14,138.0
S005_P0016_2023-12-14,138.14
S005_P0017_2023-12-14,138.27
S005_P0018_2023-12-14,138.41
S005_P0019_2023-12-14,138.55
S005_P0020_2023-12-14,138.68
S001_P0001_2023-12-15,134.41
S001_P0002_2023-12-15,134.54
S001_P0003_2023-12-15,134.68
S001_P0004_2023-12-15,134.82
S001_P0005_2023-12-15,134.96
S001_P0006_2023-12-15,135.09
S001_P0007_2023-12-15,135.23
S001_P0008_2023-12-15,135.37
S001_P0009_2023-12-15,135.5
S001_P0010_2023-12-15,135.64
S001_P0011_2023-12-15,135.78
S001_P0012_2023-12-15,135.91
S001_P0013_2023-12-15,136.05
S001_P0014_2023-12-15,136.19
S001_P0015_2023-12-15,136.32
S001_P0016_2023-12-15,136.46
S001_P0017_2023-12-15,136.6
S001_P0018_2023-12-15,136.73
S001_P0019_2023-12-15,136.87
S001_P0020_2023-12-15,137.01
S002_P0001_2023-12-15,134.86
S002_P0002_2023-12-15,135.0
S002_P0003_2023-12-15,135.14
S002_P0004_2023-12-15,135.27
S002_P0005_2023-12-15,135.41
S002_P0006_2023-12-15,135.55
S002_P0007_2023-12-15,135.68
S002_P0008_2023-12-15,135.82
S002_P0009_2023-12-15,135.96
S002_P0010_2023-12-15,136.09
S002_P0011_2023-12-15,136.23
S002_P0012_2023-12-15,136.37
S002_P0013_2023-12-15,136.51
S002_P0014_2023-12-15,136.64
S002_P0015_2023-12-15,136.78
S002_P0016_2023-12-15,136.92
S002_P0017_2023-12-15,137.05
S002_P0018_2023-12-15,137.19
S002_P0019_2023-12-15,137.33
S002_P0020_2023-12-15,137.46
S003_P0001_2023-12-15,135.32
S003_P0002_2023-12-15,135.45
S003_P0003_2023-12-15,135.59
S003_P0004_2023-12-15,135.73
S003_P0005_2023-12-15,135.87
S003_P0006_2023-12-15,136.0
S003_P0007_2023-12-15,136.14
S003_P0008_2023-12-15,136.28
S003_P0009_2023-12-15,136.41
S003_P0010_2023-12-15,136.55
S003_P0011_2023-12-15,136.69
S003_P0012_2023-12-15,136.82
S003_P0013_2023-12-15,136.96
S003_P0014_2023-12-15,137.1
S003_P0015_2023-12-15,137.23
S003_P0016_2023-12-15,137.37
S003_P0017_2023-12-15,137.51
S003_P0018_2023-12-15,137.64
S003_P0019_2023-12-15,137.78
S003_P0020_2023-12-15,137.92
S004_P0001_2023-12-15,135.77
S004_P0002_2023-12-15,135.91
S004_P0003_2023-12-15,136.05
S004_P0004_2023-12-15,136.18
S004_P0005_2023-12-15,136.32
S004_P0006_2023-12-15,136.46
S004_P0007_2023-12-15,136.59
S004_P0008_2023-12-15,136.73
S004_P0009_2023-12-15,136.87
S004_P0010_2023-12-15,137.0
S004_P0011_2023-12-15,137.14
S004_P0012_2023-12-15,137.28
S004_P0013_2023-12-15,137.42
S004_P0014_2023-12-15,137.55
S004_P0015_2023-12-15,137.69
S004_P0016_2023-12-15,137.83
S004_P0017_2023-12-15,137.96
S004_P0018_2023-12-15,138.1
S004_P0019_2023-12-15,138.24
S004_P0020_2023-12-15,138.37
S005_P0001_2023-12-15,136.23
S005_P0002_2023-12-15,136.36
S005_P0003_2023-12-15,136.5
S005_P0004_2023-12-15,136.64
S005_P0005_2023-12-15,136.78
S005_P0006_2023-12-15,136.91
S005_P0007_2023-12-15,137.05
S005_P0008_2023-12-15,137.19
S005_P0009_2023-12-15,137.32
S005_P0010_2023-12-15,137.46
S005_P0011_2023-12-15,137.6
S005_P0012_2023-12-15,137.73
S005_P0013_2023-12-15,137.87
S005_P0014_2023-12-15,138.01
S005_P0015_2023-12-15,138.14
S005_P0016_2023-12-15,138.28
S005_P0017_2023-12-15,138.42
S005_P0018_2023-12-15,138.55
S005_P0019_2023-12-15,138.69
S005_P0020_2023-12-15,138.83
S001_P0001_2023-12-16,134.55
S001_P0002_2023-12-16,134.69
S001_P0003_2023-12-16,134.83
S001_P0004_2023-12-16,134.96
S001_P0005_2023-12-16,135.1
S001_P0006_2023-12-16,135.24
S001_P0007_2023-12-16,135.37
S001_P0008_2023-12-16,135.51
S001_P0009_2023-12-16,135.65
S001_P0010_2023-12-16,135.78
S001_P0011_2023-12-16,135.92
S001_P0012_2023-12-16,136.06
S001_P0013_2023-12-16,136.2
S001_P0014_2023-12-16,136.33
S001_P0015_2023-12-16,136.47
S001_P0016_2023-12-16,136.61
S001_P0017_2023-12-16,136.74
S001_P0018_2023-12-16,136.88
S001_P0019_2023-12-16,137.02
S001_P0020_2023-12-16,137.15
S002_P0001_2023-12-16,135.01
S002_P0002_2023-12-16,135.15
S002_P0003_2023-12-16,135.28
S002_P0004_2023-12-16,135.42
S002_P0005_2023-12-16,135.56
S002_P0006_2023-12-16,135.69
S002_P0007_2023-12-16,135.83
S002_P0008_2023-12-16,135.97
S002_P0009_2023-12-16,136.1
S002_P0010_2023-12-16,136.24
S002_P0011_2023-12-16,136.38
S002_P0012_2023-12-16,136.51
S002_P0013_2023-12-16,136.65
S002_P0014_2023-12-16,136.79
S002_P0015_2023-12-16,136.92
S002_P0016_2023-12-16,137.06
S002_P0017_2023-12-16,137.2
S002_P0018_2023-12-16,137.33
S002_P0019_2023-12-16,137.47
S002_P0020_2023-12-16,137.61
S003_P0001_2023-12-16,135.46
S003_P0002_2023-12-16,135.6
S003_P0003_2023-12-16,135.74
S003_P0004_2023-12-16,135.87
S003_P0005_2023-12-16,136.01
S003_P0006_2023-12-16,136.15
S003_P0007_2023-12-16,136.28
S003_P0008_2023-12-16,136.42
S003_P0009_2023-12-16,136.56
S003_P0010_2023-12-16,136.69
S003_P0011_2023-12-16,136.83
S003_P0012_2023-12-16,136.97
S003_P0013_2023-12-16,137.11
S003_P0014_2023-12-16,137.24
S003_P0015_2023-12-16,137.38
S003_P0016_2023-12-16,137.52
S003_P0017_2023-12-16,137.65
S003_P0018_2023-12-16,137.79
S003_P0019_2023-12-16,137.93
S003_P0020_2023-12-16,138.06
S004_P0001_2023-12-16,135.92
S004_P0002_2023-12-16,136.06
S004_P0003_2023-12-16,136.19
S004_P0004_2023-12-16,136.33
S004_P0005_2023-12-16,136.47
S004_P0006_2023-12-16,136.6
S004_P0007_2023-12-16,136.74
S004_P0008_2023-12-16,136.88
S004_P0009_2023-12-16,137.01
S004_P0010_2023-12-16,137.15
S004_P0011_2023-12-16,137.29
S004_P0012_2023-12-16,137.42
S004_P0013_2023-12-16,137.56
S004_P0014_2023-12-16,137.7
S004_P0015_2023-12-16,137.83
S004_P0016_2023-12-16,137.97
S004_P0017_2023-12-16,138.11
S004_P0018_2023-12-16,138.24
S004_P0019_2023-12-16,138.38
S004_P0020_2023-12-16,138.52
S005_P0001_2023-12-16,136.37
S005_P0002_2023-12-16,136.51
S005_P0003_2023-12-16,136.65
S005_P0004_2023-12-16,136.78
S005_P0005_2023-12-16,136.92
S005_P0006_2023-12-16,137.06
S005_P0007_2023-12-16,137.19
S005_P0008_2023-12-16,137.33
S005_P0009_2023-12-16,137.47
S005_P0010_2023-12-16,137.6
S005_P0011_2023-12-16,137.74
S005_P0012_2023-12-16,137.88
S005_P0013_2023-12-16,138.02
S005_P0014_2023-12-16,138.15
S005_P0015_2023-12-16,138.29
S005_P0016_2023-12-16,138.43
S005_P0017_2023-12-16,138.56
S005_P0018_2023-12-16,138.7
S005_P0019_2023-12-16,138.84
S005_P0020_2023-12-16,138.97
S001_P0001_2023-12-17,134.7
S001_P0002_2023-12-17,134.84
S001_P0003_2023-12-17,134.97
S001_P0004_2023-12-17,135.11
S001_P0005_2023-12-17,135.25
S001_P0006_2023-12-17,135.38
S001_P0007_2023-12-17,135.52
S001_P0008_2023-12-17,135.66
S001_P0009_2023-12-17,135.79
S001_P0010_2023-12-17,135.93
S001_P0011_2023-12-17,136.07
S001_P0012_2023-12-17,136.2
S001_P0013_2023-12-17,136.34
S001_P0014_2023-12-17,136.48
S001_P0015_2023-12-17,136.61
S001_P0016_2023-12-17,136.75
S001_P0017_2023-12-17,136.89
S001_P0018_2023-12-17,137.02
S001_P0019_2023-12-17,137.16
S001_P0020_2023-12-17,137.3
S002_P0001_2023-12-17,135.15
S002_P0002_2023-12-17,135.29
S002_P0003_2023-12-17,135.43
S002_P0004_2023-12-17,135.56
S002_P0005_2023-12-17,135.7
S002_P0006_2023-12-17,135.84
S002_P0007_2023-12-17,135.97
S002_P0008_2023-12-17,136.11
S002_P0009_2023-12-17,136.25
S002_P0010_2023-12-17,136.38
S002_P0011_2023-12-17,136.52
S002_P0012_2023-12-17,136.66
S002_P0013_2023-12-17,136.8
S002_P0014_2023-12-17,136.93
S002_P0015_2023-12-17,137.07
S002_P0016_2023-12-17,137.21
S002_P0017_2023-12-17,137.34
S002_P0018_2023-12-17,137.48
S002_P0019_2023-12-17,137.62
S002_P0020_2023-12-17,137.75
S003_P0001_2023-12-17,135.61
S003_P0002_2023-12-17,135.75
S003_P0003_2023-12-17,135.88
S003_P0004_2023-12-17,136.02
S003_P0005_2023-12-17,136.16
S003_P0006_2023-12-17,136.29
S003_P0007_2023-12-17,136.43
S003_P0008_2023-12-17,136.57
S003_P0009_2023-12-17,136.7
S003_P0010_2023-12-17,136.84
S003_P0011_2023-12-17,136.98
S003_P0012_2023-12-17,137.11
S003_P0013_2023-12-17,137.25
S003_P0014_2023-12-17,137.39
S003_P0015_2023-12-17,137.52
S003_P0016_2023-12-17,137.66
S003_P0017_2023-12-17,137.8
S003_P0018_2023-12-17,137.93
S003_P0019_2023-12-17,138.07
S003_P0020_2023-12-17,138.21
S004_P0001_2023-12-17,136.06
S004_P0002_2023-12-17,136.2
S004_P0003_2023-12-17,136.34
S004_P0004_2023-12-17,136.47
S004_P0005_2023-12-17,136.61
S004_P0006_2023-12-17,136.75
S004_P0007_2023-12-17,136.88
S004_P0008_2023-12-17,137.02
S004_P0009_2023-12-17,137.16
S004_P0010_2023-12-17,137.29
S004_P0011_2023-12-17,137.43
S004_P0012_2023-12-17,137.57
S004_P0013_2023-12-17,137.71
S004_P0014_2023-12-17,137.84
S004_P0015_2023-12-17,137.98
S004_P0016_2023-12-17,138.12
S004_P0017_2023-12-17,138.25
S004_P0018_2023-12-17,138.39
S004_P0019_2023-12-17,138.53
S004_P0020_2023-12-17,138.66
S005_P0001_2023-12-17,136.52
S005_P0002_2023-12-17,136.66
S005_P0003_2023-12-17,136.79
S005_P0004_2023-12-17,136.93
S005_P0005_2023-12-17,137.07
S005_P0006_2023-12-17,137.2
S005_P0007_2023-12-17,137.34
S005_P0008_2023-12-17,137.48
S005_P0009_2023-12-17,137.61
S005_P0010_2023-12-17,137.75
S005_P0011_2023-12-17,137.89
S005_P0012_2023-12-17,138.02
S005_P0013_2023-12-17,138.16
S005_P0014_2023-12-17,138.3
S005_P0015_2023-12-17,138.43
S005_P0016_2023-12-17,138.57
S005_P0017_2023-12-17,138.71
S005_P0018_2023-12-17,138.84
S005_P0019_2023-12-17,138.98
S005_P0020_2023-12-17,139.12
S001_P0001_2023-12-18,134.09
S001_P0002_2023-12-18,134.23
S001_P0003_2023-12-18,134.37
S001_P0004_2023-12-18,134.5
S001_P0005_2023-12-18,134.64
S001_P0006_2023-12-18,134.78
S001_P0007_2023-12-18,134.91
S001_P0008_2023-12-18,135.05
S001_P0009_2023-12-18,135.19
S001_P0010_2023-12-18,135.32
S001_P0011_2023-12-18,135.46
S001_P0012_2023-12-18,135.6
S001_P0013_2023-12-18,135.74
S001_P0014_2023-12-18,135.87
S001_P0015_2023-12-18,136.01
S001_P0016_2023-12-18,136.15
S001_P0017_2023-12-18,136.28
S001_P0018_2023-12-18,136.42
S001_P0019_2023-12-18,136.56
S001_P0020_2023-12-18,136.69
S002_P0001_2023-12-18,134.55
S002_P0002_2023-12-18,134.68
S002_P0003_2023-12-18,134.82
S002_P0004_2023-12-18,134.96
S002_P0005_2023-12-18,135.1
S002_P0006_2023-12-18,135.23
S002_P0007_2023-12-18,135.37
S002_P0008_2023-12-18,135.51
S002_P0009_2023-12-18,135.64
S002_P0010_2023-12-18,135.78
S002_P0011_2023-12-18,135.92
S002_P0012_2023-12-18,136.05
S002_P0013_2023-12-18,136.19
S002_P0014_2023-12-18,136.33
S002_P0015_2023-12-18,136.46
S002_P0016_2023-12-18,136.6
S002_P0017_2023-12-18,136.74
S002_P0018_2023-12-18,136.87
S002_P0019_2023-12-18,137.01
S002_P0020_2023-12-18,137.15
S003_P0001_2023-12-18,135.0
S003_P0002_2023-12-18,135.14
S003_P0003_2023-12-18,135.28
S003_P0004_2023-12-18,135.41
S003_P0005_2023-12-18,135.55
S003_P0006_2023-12-18,135.69
S003_P0007_2023-12-18,135.82
S003_P0008_2023-12-18,135.96
S003_P0009_2023-12-18,136.1
S003_P0010_2023-12-18,136.23
S003_P0011_2023-12-18,136.37
S003_P0012_2023-12-18,136.51
S003_P0013_2023-12-18,136.65
S003_P0014_2023-12-18,136.78
S003_P0015_2023-12-18,136.92
S003_P0016_2023-12-18,137.06
S003_P0017_2023-12-18,137.19
S003_P0018_2023-12-18,137.33
S003_P0019_2023-12-18,137.47
S003_P0020_2023-12-18,137.6
S004_P0001_2023-12-18,135.46
S004_P0002_2023-12-18,135.59
S004_P0003_2023-12-18,135.73
S004_P0004_2023-12-18,135.87
S004_P0005_2023-12-18,136.01
S004_P0006_2023-12-18,136.14
S004_P0007_2023-12-18,136.28
S004_P0008_2023-12-18,136.42
S004_P0009_2023-12-18,136.55
S004_P0010_2023-12-18,136.69
S004_P0011_2023-12-18,136.83
S004_P0012_2023-12-18,136.96
S004_P0013_2023-12-18,137.1
S004_P0014_2023-12-18,137.24
S004_P0015_2023-12-18,137.37
S004_P0016_2023-12-18,137.51
S004_P0017_2023-12-18,137.65
S004_P0018_2023-12-18,137.78
S004_P0019_2023-12-18,137.92
S004_P0020_2023-12-18,138.06
S005_P0001_2023-12-18,135.91
S005_P0002_2023-12-18,136.05
S005_P0003_2023-12-18,136.19
S005_P0004_2023-12-18,136.32
S005_P0005_2023-12-18,136.46
S005_P0006_2023-12-18,136.6
S005_P0007_2023-12-18,136.73
S005_P0008_2023-12-18,136.87
S005_P0009_2023-12-18,137.01
S005_P0010_2023-12-18,137.14
S005_P0011_2023-12-18,137.28
S005_P0012_2023-12-18,137.42
S005_P0013_2023-12-18,137.56
S005_P0014_2023-12-18,137.69
S005_P0015_2023-12-18,137.83
S005_P0016_2023-12-18,137.97
S005_P0017_2023-12-18,138.1
S005_P0018_2023-12-18,138.24
S005_P0019_2023-12-18,138.38
S005_P0020_2023-12-18,138.51
S001_P0001_2023-12-19,134.24
S001_P0002_2023-12-19,134.38
S001_P0003_2023-12-19,134.51
S001_P0004_2023-12-19,134.65
S001_P0005_2023-12-19,134.79
S001_P0006_2023-12-19,134.92
S001_P0007_2023-12-19,135.06
S001_P0008_2023-12-19,135.2
S001_P0009_2023-12-19,135.33
S001_P0010_2023-12-19,135.47
S001_P0011_2023-12-19,135.61
S001_P0012_2023-12-19,135.74
S001_P0013_2023-12-19,135.88
S001_P0014_2023-12-19,136.02
S001_P0015_2023-12-19,136.15
S001_P0016_2023-12-19,136.29
S001_P0017_2023-12-19,136.43
S001_P0018_2023-12-19,136.56
S001_P0019_2023-12-19,136.7
S001_P0020_2023-12-19,136.84
S002_P0001_2023-12-19,134.69
S002_P0002_2023-12-19,134.83
S002_P0003_2023-12-19,134.97
S002_P0004_2023-12-19,135.1
S002_P0005_2023-12-19,135.24
S002_P0006_2023-12-19,135.38
S002_P0007_2023-12-19,135.51
S002_P0008_2023-12-19,135.65
S002_P0009_2023-12-19,135.79
S002_P0010_2023-12-19,135.92
S002_P0011_2023-12-19,136.06
S002_P0012_2023-12-19,136.2
S002_P0013_2023-12-19,136.34
S002_P0014_2023-12-19,136.47
S002_P0015_2023-12-19,136.61
S002_P0016_2023-12-19,136.75
S002_P0017_2023-12-19,136.88
S002_P0018_2023-12-19,137.02
S002_P0019_2023-12-19,137.16
S002_P0020_2023-12-19,137.29
S003_P0001_2023-12-19,135.15
S003_P0002_2023-12-19,135.28
S003_P0003_2023-12-19,135.42
S003_P0004_2023-12-19,135.56
S003_P0005_2023-12-19,135.7
S003_P0006_2023-12-19,135.83
S003_P0007_2023-12-19,135.97
S003_P0008_2023-12-19,136.11
S003_P0009_2023-12-19,136.24
S003_P0010_2023-12-19,136.38
S003_P0011_2023-12-19,136.52
S003_P0012_2023-12-19,136.65
S003_P0013_2023-12-19,136.79
S003_P0014_2023-12-19,136.93
S003_P0015_2023-12-19,137.06
S003_P0016_2023-12-19,137.2
S003_P0017_2023-12-19,137.34
S003_P0018_2023-12-19,137.47
S003_P0019_2023-12-19,137.61
S003_P0020_2023-12-19,137.75
S004_P0001_2023-12-19,135.6
S004_P0002_2023-12-19,135.74
S004_P0003_2023-12-19,135.88
S004_P0004_2023-12-19,136.01
S004_P0005_2023-12-19,136.15
S004_P0006_2023-12-19,136.29
S004_P0007_2023-12-19,136.42
S004_P0008_2023-12-19,136.56
S004_P0009_2023-12-19,136.7
S004_P0010_2023-12-19,136.83
S004_P0011_2023-12-19,136.97
S004_P0012_2023-12-19,137.11
S004_P0013_2023-12-19,137.25
S004_P0014_2023-12-19,137.38
S004_P0015_2023-12-19,137.52
S004_P0016_2023-12-19,137.66
S004_P0017_2023-12-19,137.79
S004_P0018_2023-12-19,137.93
S004_P0019_2023-12-19,138.07
S004_P0020_2023-12-19,138.2
S005_P0001_2023-12-19,136.06
S005_P0002_2023-12-19,136.19
S005_P0003_2023-12-19,136.33
S005_P0004_2023-12-19,136.47
S005_P0005_2023-12-19,136.61
S005_P0006_2023-12-19,136.74
S005_P0007_2023-12-19,136.88
S005_P0008_2023-12-19,137.02
S005_P0009_2023-12-19,137.15
S005_P0010_2023-12-19,137.29
S005_P0011_2023-12-19,137.43
S005_P0012_2023-12-19,137.56
S005_P0013_2023-12-19,137.7
S005_P0014_2023-12-19,137.84
S005_P0015_2023-12-19,137.97
S005_P0016_2023-12-19,138.11
S005_P0017_2023-12-19,138.25
S005_P0018_2023-12-19,138.38
S005_P0019_2023-12-19,138.52
S005_P0020_2023-12-19,138.66
S001_P0001_2023-12-20,134.38
S001_P0002_2023-12-20,134.52
S001_P0003_2023-12-20,134.66
S001_P0004_2023-12-20,134.79
S001_P0005_2023-12-20,134.93
S001_P0006_2023-12-20,135.07
S001_P0007_2023-12-20,135.2
S001_P0008_2023-12-20,135.34
S001_P0009_2023-12-20,135.48
S001_P0010_2023-12-20,135.61
S001_P0011_2023-12-20,135.75
S001_P0012_2023-12-20,135.89
S001_P0013_2023-12-20,136.03
S001_P0014_2023-12-20,136.16
S001_P0015_2023-12-20,136.3
S001_P0016_2023-12-20,136.44
S001_P0017_2023-12-20,136.57
S001_P0018_2023-12-20,136.71
S001_P0019_2023-12-20,136.85
S001_P0020_2023-12-20,136.98
S002_P0001_2023-12-20,134.84
S002_P0002_2023-12-20,134.98
S002_P0003_2023-12-20,135.11
S002_P0004_2023-12-20,135.25
S002_P0005_2023-12-20,135.39
S002_P0006_2023-12-20,135.52
S002_P0007_2023-12-20,135.66
S002_P0008_2023-12-20,135.8
S002_P0009_2023-12-20,135.93
S002_P0010_2023-12-20,136.07
S002_P0011_2023-12-20,136.21
S002_P0012_2023-12-20,136.34
S002_P0013_2023-12-20,136.48
S002_P0014_2023-12-20,136.62
S002_P0015_2023-12-20,136.75
S002_P0016_2023-12-20,136.89
S002_P0017_2023-12-20,137.03
S002_P0018_2023-12-20,137.16
S002_P0019_2023-12-20,137.3
S002_P0020_2023-12-20,137.44
S003_P0001_2023-12-20,135.29
S003_P0002_2023-12-20,135.43
S003_P0003_2023-12-20,135.57
S003_P0004_2023-12-20,135.7
S003_P0005_2023-12-20,135.84
S003_P0006_2023-12-20,135.98
S003_P0007_2023-12-20,136.11
S003_P0008_2023-12-20,136.25
S003_P0009_2023-12-20,136.39
S003_P0010_2023-12-20,136.52
S003_P0011_2023-12-20,136.66
S003_P0012_2023-12-20,136.8
S003_P0013_2023-12-20,136.94
S003_P0014_2023-12-20,137.07
S003_P0015_2023-12-20,137.21
S003_P0016_2023-12-20,137.35
S003_P0017_2023-12-20,137.48
S003_P0018_2023-12-20,137.62
S003_P0019_2023-12-20,137.76
S003_P0020_2023-12-20,137.89
S004_P0001_2023-12-20,135.75
S004_P0002_2023-12-20,135.89
S004_P0003_2023-12-20,136.02
S004_P0004_2023-12-20,136.16
S004_P0005_2023-12-20,136.3
S004_P0006_2023-12-20,136.43
S004_P0007_2023-12-20,136.57
S004_P0008_2023-12-20,136.71
S004_P0009_2023-12-20,136.84
S004_P0010_2023-12-20,136.98
S004_P0011_2023-12-20,137.12
S004_P0012_2023-12-20,137.25
S004_P0013_2023-12-20,137.39
S004_P0014_2023-12-20,137.53
S004_P0015_2023-12-20,137.66
S004_P0016_2023-12-20,137.8
S004_P0017_2023-12-20,137.94
S004_P0018_2023-12-20,138.07
S004_P0019_2023-12-20,138.21
S004_P0020_2023-12-20,138.35
S005_P0001_2023-12-20,136.2
S005_P0002_2023-12-20,136.34
S005_P0003_2023-12-20,136.48
S005_P0004_2023-12-20,136.61
S005_P0005_2023-12-20,136.75
S005_P0006_2023-12-20,136.89
S005_P0007_2023-12-20,137.02
S005_P0008_2023-12-20,137.16
S005_P0009_2023-12-20,137.3
S005_P0010_2023-12-20,137.43
S005_P0011_2023-12-20,137.57
S005_P0012_2023-12-20,137.71
S005_P0013_2023-12-20,137.85
S005_P0014_2023-12-20,137.98
S005_P0015_2023-12-20,138.12
S005_P0016_2023-12-20,138.26
S005_P0017_2023-12-20,138.39
S005_P0018_2023-12-20,138.53
S005_P0019_2023-12-20,138.67
S005_P0020_2023-12-20,138.8
S001_P0001_2023-12-21,134.53
S001_P0002_2023-12-21,134.67
S001_P0003_2023-12-21,134.8
S001_P0004_2023-12-21,134.94
S001_P0005_2023-12-21,135.08
S001_P0006_2023-12-21,135.21
S001_P0007_2023-12-21,135.35
S001_P0008_2023-12-21,135.49
S001_P0009_2023-12-21,135.62
S001_P0010_2023-12-21,135.76
S001_P0011_2023-12-21,135.9
S001_P0012_2023-12-21,136.03
S001_P0013_2023-12-21,136.17
S001_P0014_2023-12-21,136.31
S001_P0015_2023-12-21,136.44
S001_P0016_2023-12-21,136.58
S001_P0017_2023-12-21,136.72
S001_P0018_2023-12-21,136.85
S001_P0019_2023-12-21,136.99
S001_P0020_2023-12-21,137.13
S002_P0001_2023-12-21,134.98
S002_P0002_2023-12-21,135.12
S002_P0003_2023-12-21,135.26
S002_P0004_2023-12-21,135.39
S002_P0005_2023-12-21,135.53
S002_P0006_2023-12-21,135.67
S002_P0007_2023-12-21,135.8
S002_P0008_2023-12-21,135.94
S002_P0009_2023-12-21,136.08
S002_P0010_2023-12-21,136.22
S002_P0011_2023-12-21,136.35
S002_P0012_2023-12-21,136.49
S002_P0013_2023-12-21,136.63
S002_P0014_2023-12-21,136.76
S002_P0015_2023-12-21,136.9
S002_P0016_2023-12-21,137.04
S002_P0017_2023-12-21,137.17
S002_P0018_2023-12-21,137.31
S002_P0019_2023-12-21,137.45
S002_P0020_2023-12-21,137.58
S003_P0001_2023-12-21,135.44
S003_P0002_2023-12-21,135.58
S003_P0003_2023-12-21,135.71
S003_P0004_2023-12-21,135.85
S003_P0005_2023-12-21,135.99
S003_P0006_2023-12-21,136.12
S003_P0007_2023-12-21,136.26
S003_P0008_2023-12-21,136.4
S003_P0009_2023-12-21,136.53
S003_P0010_2023-12-21,136.67
S003_P0011_2023-12-21,136.81
S003_P0012_2023-12-21,136.94
S003_P0013_2023-12-21,137.08
S003_P0014_2023-12-21,137.22
S003_P0015_2023-12-21,137.35
S003_P0016_2023-12-21,137.49
S003_P0017_2023-12-21,137.63
S003_P0018_2023-12-21,137.76
S003_P0019_2023-12-21,137.9
S003_P0020_2023-12-21,138.04
S004_P0001_2023-12-21,135.89
S004_P0002_2023-12-21,136.03
S004_P0003_2023-12-21,136.17
S004_P0004_2023-12-21,136.3
S004_P0005_2023-12-21,136.44
S004_P0006_2023-12-21,136.58
S004_P0007_2023-12-21,136.71
S004_P0008_2023-12-21,136.85
S004_P0009_2023-12-21,136.99
S004_P0010_2023-12-21,137.12
S004_P0011_2023-12-21,137.26
S004_P0012_2023-12-21,137.4
S004_P0013_2023-12-21,137.54
S004_P0014_2023-12-21,137.67
S004_P0015_2023-12-21,137.81
S004_P0016_2023-12-21,137.95
S004_P0017_2023-12-21,138.08
S004_P0018_2023-12-21,138.22
S004_P0019_2023-12-21,138.36
S004_P0020_2023-12-21,138.49
S005_P0001_2023-12-21,136.35
S005_P0002_2023-12-21,136.49
S005_P0003_2023-12-21,136.62
S005_P0004_2023-12-21,136.76
S005_P0005_2023-12-21,136.9
S005_P0006_2023-12-21,137.03
S005_P0007_2023-12-21,137.17
S005_P0008_2023-12-21,137.31
S005_P0009_2023-12-21,137.44
S005_P0010_2023-12-21,137.58
S005_P0011_2023-12-21,137.72
S005_P0012_2023-12-21,137.85
S005_P0013_2023-12-21,137.99
S005_P0014_2023-12-21,138.13
S005_P0015_2023-12-21,138.26
S005_P0016_2023-12-21,138.4
S005_P0017_2023-12-21,138.54
S005_P0018_2023-12-21,138.67
S005_P0019_2023-12-21,138.81
S005_P0020_2023-12-21,138.95
S001_P0001_2023-12-22,134.67
S001_P0002_2023-12-22,134.81
S001_P0003_2023-12-22,134.95
S001_P0004_2023-12-22,135.08
S001_P0005_2023-12-22,135.22
S001_P0006_2023-12-22,135.36
S001_P0007_2023-12-22,135.49
S001_P0008_2023-12-22,135.63
S001_P0009_2023-12-22,135.77
S001_P0010_2023-12-22,135.91
S001_P0011_2023-12-22,136.04
S001_P0012_2023-12-22,136.18
S001_P0013_2023-12-22,136.32
S001_P0014_2023-12-22,136.45
S001_P0015_2023-12-22,136.59
S001_P0016_2023-12-22,136.73
S001_P0017_2023-12-22,136.86
S001_P0018_2023-12-22,137.0
S001_P0019_2023-12-22,137.14
S001_P0020_2023-12-22,137.27
S002_P0001_2023-12-22,135.13
S002_P0002_2023-12-22,135.27
S002_P0003_2023-12-22,135.4
S002_P0004_2023-12-22,135.54
S002_P0005_2023-12-22,135.68
S002_P0006_2023-12-22,135.81
S002_P0007_2023-12-22,135.95
S002_P0008_2023-12-22,136.09
S002_P0009_2023-12-22,136.22
S002_P0010_2023-12-22,136.36
S002_P0011_2023-12-22,136.5
S002_P0012_2023-12-22,136.63
S002_P0013_2023-12-22,136.77
S002_P0014_2023-12-22,136.91
S002_P0015_2023-12-22,137.04
S002_P0016_2023-12-22,137.18
S002_P0017_2023-12-22,137.32
S002_P0018_2023-12-22,137.45
S002_P0019_2023-12-22,137.59
S002_P0020_2023-12-22,137.73
S003_P0001_2023-12-22,135.58
S003_P0002_2023-12-22,135.72
S003_P0003_2023-12-22,135.86
S003_P0004_2023-12-22,135.99
S003_P0005_2023-12-22,136.13
S003_P0006_2023-12-22,136.27
S003_P0007_2023-12-22,136.4
S003_P0008_2023-12-22,136.54
S003_P0009_2023-12-22,136.68
S003_P0010_2023-12-22,136.82
S003_P0011_2023-12-22,136.95
S003_P0012_2023-12-22,137.09
S003_P0013_2023-12-22,137.23
S003_P0014_2023-12-22,137.36
S003_P0015_2023-12-22,137.5
S003_P0016_2023-12-22,137.64
S003_P0017_2023-12-22,137.77
S003_P0018_2023-12-22,137.91
S003_P0019_2023-12-22,138.05
S003_P0020_2023-12-22,138.18
S004_P0001_2023-12-22,136.04
S004_P0002_2023-12-22,136.18
S004_P0003_2023-12-22,136.31
S004_P0004_2023-12-22,136.45
S004_P0005_2023-12-22,136.59
S004_P0006_2023-12-22,136.72
S004_P0007_2023-12-22,136.86
S004_P0008_2023-12-22,137.0
S004_P0009_2023-12-22,137.13
S004_P0010_2023-12-22,137.27
S004_P0011_2023-12-22,137.41
S004_P0012_2023-12-22,137.54
S004_P0013_2023-12-22,137.68
S004_P0014_2023-12-22,137.82
S004_P0015_2023-12-22,137.95
S004_P0016_2023-12-22,138.09
S004_P0017_2023-12-22,138.23
S004_P0018_2023-12-22,138.36
S004_P0019_2023-12-22,138.5
S004_P0020_2023-12-22,138.64
S005_P0001_2023-12-22,136.49
S005_P0002_2023-12-22,136.63
S005_P0003_2023-12-22,136.77
S005_P0004_2023-12-22,136.9
S005_P0005_2023-12-22,137.04
S005_P0006_2023-12-22,137.18
S005_P0007_2023-12-22,137.31
S005_P0008_2023-12-22,137.45
S005_P0009_2023-12-22,137.59
S005_P0010_2023-12-22,137.73
S005_P0011_2023-12-22,137.86
S005_P0012_2023-12-22,138.0
S005_P0013_2023-12-22,138.14
S005_P0014_2023-12-22,138.27
S005_P0015_2023-12-22,138.41
S005_P0016_2023-12-22,138.55
S005_P0017_2023-12-22,138.68
S005_P0018_2023-12-22,138.82
S005_P0019_2023-12-22,138.96
S005_P0020_2023-12-22,139.09
S001_P0001_2023-12-23,134.82
S001_P0002_2023-12-23,134.96
S001_P0003_2023-12-23,135.09
S001_P0004_2023-12-23,135.23
S001_P0005_2023-12-23,135.37
S001_P0006_2023-12-23,135.5
S001_P0007_2023-12-23,135.64
S001_P0008_2023-12-23,135.78
S001_P0009_2023-12-23,135.91
S001_P0010_2023-12-23,136.05
S001_P0011_2023-12-23,136.19
S001_P0012_2023-12-23,136.32
S001_P0013_2023-12-23,136.46
S001_P0014_2023-12-23,136.6
S001_P0015_2023-12-23,136.73
S001_P0016_2023-12-23,136.87
S001_P0017_2023-12-23,137.01
S001_P0018_2023-12-23,137.15
S001_P0019_2023-12-23,137.28
S001_P0020_2023-12-23,137.42
S002_P0001_2023-12-23,135.27
S002_P0002_2023-12-23,135.41
S002_P0003_2023-12-23,135.55
S002_P0004_2023-12-23,135.68
S002_P0005_2023-12-23,135.82
S002_P0006_2023-12-23,135.96
S002_P0007_2023-12-23,136.09
S002_P0008_2023-12-23,136.23
S002_P0009_2023-12-23,136.37
S002_P0010_2023-12-23,136.51
S002_P0011_2023-12-23,136.64
S002_P0012_2023-12-23,136.78
S002_P0013_2023-12-23,136.92
S002_P0014_2023-12-23,137.05
S002_P0015_2023-12-23,137.19
S002_P0016_2023-12-23,137.33
S002_P0017_2023-12-23,137.46
S002_P0018_2023-12-23,137.6
S002_P0019_2023-12-23,137.74
S002_P0020_2023-12-23,137.87
S003_P0001_2023-12-23,135.73
S003_P0002_2023-12-23,135.87
S003_P0003_2023-12-23,136.0
S003_P0004_2023-12-23,136.14
S003_P0005_2023-12-23,136.28
S003_P0006_2023-12-23,136.41
S003_P0007_2023-12-23,136.55
S003_P0008_2023-12-23,136.69
S003_P0009_2023-12-23,136.82
S003_P0010_2023-12-23,136.96
S003_P0011_2023-12-23,137.1
S003_P0012_2023-12-23,137.23
S003_P0013_2023-12-23,137.37
S003_P0014_2023-12-23,137.51
S003_P0015_2023-12-23,137.64
S003_P0016_2023-12-23,137.78
S003_P0017_2023-12-23,137.92
S003_P0018_2023-12-23,138.06
S003_P0019_2023-12-23,138.19
S003_P0020_2023-12-23,138.33
S004_P0001_2023-12-23,136.18
S004_P0002_2023-12-23,136.32
S004_P0003_2023-12-23,136.46
S004_P0004_2023-12-23,136.59
S004_P0005_2023-12-23,136.73
S004_P0006_2023-12-23,136.87
S004_P0007_2023-12-23,137.0
S004_P0008_2023-12-23,137.14
S004_P0009_2023-12-23,137.28
S004_P0010_2023-12-23,137.42
S004_P0011_2023-12-23,137.55
S004_P0012_2023-12-23,137.69
S004_P0013_2023-12-23,137.83
S004_P0014_2023-12-23,137.96
S004_P0015_2023-12-23,138.1
S004_P0016_2023-12-23,138.24
S004_P0017_2023-12-23,138.37
S004_P0018_2023-12-23,138.51
S004_P0019_2023-12-23,138.65
S004_P0020_2023-12-23,138.78
S005_P0001_2023-12-23,136.64
S005_P0002_2023-12-23,136.78
S005_P0003_2023-12-23,136.91
S005_P0004_2023-12-23,137.05
S005_P0005_2023-12-23,137.19
S005_P0006_2023-12-23,137.32
S005_P0007_2023-12-23,137.46
S005_P0008_2023-12-23,137.6
S005_P0009_2023-12-23,137.73
S005_P0010_2023-12-23,137.87
S005_P0011_2023-12-23,138.01
S005_P0012_2023-12-23,138.14
S005_P0013_2023-12-23,138.28
S005_P0014_2023-12-23,138.42
S005_P0015_2023-12-23,138.55
S005_P0016_2023-12-23,138.69
S005_P0017_2023-12-23,138.83
S005_P0018_2023-12-23,138.96
S005_P0019_2023-12-23,139.1
S005_P0020_2023-12-23,139.24
S001_P0001_2023-12-24,134.96
S001_P0002_2023-12-24,135.1
S001_P0003_2023-12-24,135.24
S001_P0004_2023-12-24,135.37
S001_P0005_2023-12-24,135.51
S001_P0006_2023-12-24,135.65
S001_P0007_2023-12-24,135.78
S001_P0008_2023-12-24,135.92
S001_P0009_2023-12-24,136.06
S001_P0010_2023-12-24,136.2
S001_P0011_2023-12-24,136.33
S001_P0012_2023-12-24,136.47
S001_P0013_2023-12-24,136.61
S001_P0014_2023-12-24,136.74
S001_P0015_2023-12-24,136.88
S001_P0016_2023-12-24,137.02
S001_P0017_2023-12-24,137.15
S001_P0018_2023-12-24,137.29
S001_P0019_2023-12-24,137.43
S001_P0020_2023-12-24,137.56
S002_P0001_2023-12-24,135.42
S002_P0002_2023-12-24,135.56
S002_P0003_2023-12-24,135.69
S002_P0004_2023-12-24,135.83
S002_P0005_2023-12-24,135.97
S002_P0006_2023-12-24,136.1
S002_P0007_2023-12-24,136.24
S002_P0008_2023-12-24,136.38
S002_P0009_2023-12-24,136.51
S002_P0010_2023-12-24,136.65
S002_P0011_2023-12-24,136.79
S002_P0012_2023-12-24,136.92
S002_P0013_2023-12-24,137.06
S002_P0014_2023-12-24,137.2
S002_P0015_2023-12-24,137.33
S002_P0016_2023-12-24,137.47
S002_P0017_2023-12-24,137.61
S002_P0018_2023-12-24,137.75
S002_P0019_2023-12-24,137.88
S002_P0020_2023-12-24,138.02
S003_P0001_2023-12-24,135.87
S003_P0002_2023-12-24,136.01
S003_P0003_2023-12-24,136.15
S003_P0004_2023-12-24,136.28
S003_P0005_2023-12-24,136.42
S003_P0006_2023-12-24,136.56
S003_P0007_2023-12-24,136.69
S003_P0008_2023-12-24,136.83
S003_P0009_2023-12-24,136.97
S003_P0010_2023-12-24,137.11
S003_P0011_2023-12-24,137.24
S003_P0012_2023-12-24,137.38
S003_P0013_2023-12-24,137.52
S003_P0014_2023-12-24,137.65
S003_P0015_2023-12-24,137.79
S003_P0016_2023-12-24,137.93
S003_P0017_2023-12-24,138.06
S003_P0018_2023-12-24,138.2
S003_P0019_2023-12-24,138.34
S003_P0020_2023-12-24,138.47
S004_P0001_2023-12-24,136.33
S004_P0002_2023-12-24,136.47
S004_P0003_2023-12-24,136.6
S004_P0004_2023-12-24,136.74
S004_P0005_2023-12-24,136.88
S004_P0006_2023-12-24,137.01
S004_P0007_2023-12-24,137.15
S004_P0008_2023-12-24,137.29
S004_P0009_2023-12-24,137.42
S004_P0010_2023-12-24,137.56
S004_P0011_2023-12-24,137.7
S004_P0012_2023-12-24,137.83
S004_P0013_2023-12-24,137.97
S004_P0014_2023-12-24,138.11
S004_P0015_2023-12-24,138.24
S004_P0016_2023-12-24,138.38
S004_P0017_2023-12-24,138.52
S004_P0018_2023-12-24,138.66
S004_P0019_2023-12-24,138.79
S004_P0020_2023-12-24,138.93
S005_P0001_2023-12-24,136.78
S005_P0002_2023-12-24,136.92
S005_P0003_2023-12-24,137.06
S005_P0004_2023-12-24,137.19
S005_P0005_2023-12-24,137.33
S005_P0006_2023-12-24,137.47
S005_P0007_2023-12-24,137.6
S005_P0008_2023-12-24,137.74
S005_P0009_2023-12-24,137.88
S005_P0010_2023-12-24,138.02
S005_P0011_2023-12-24,138.15
S005_P0012_2023-12-24,138.29
S005_P0013_2023-12-24,138.43
S005_P0014_2023-12-24,138.56
S005_P0015_2023-12-24,138.7
S005_P0016_2023-12-24,138.84
S005_P0017_2023-12-24,138.97
S005_P0018_2023-12-24,139.11
S005_P0019_2023-12-24,139.25
S005_P0020_2023-12-24,139.38
S001_P0001_2023-12-25,134.36
S001_P0002_2023-12-25,134.5
S001_P0003_2023-12-25,134.63
S001_P0004_2023-12-25,134.77
S001_P0005_2023-12-25,134.91
S001_P0006_2023-12-25,135.04
S001_P0007_2023-12-25,135.18
S001_P0008_2023-12-25,135.32
S001_P0009_2023-12-25,135.45
S001_P0010_2023-12-25,135.59
S001_P0011_2023-12-25,135.73
S001_P0012_2023-12-25,135.86
S001_P0013_2023-12-25,136.0
S001_P0014_2023-12-25,136.14
S001_P0015_2023-12-25,136.27
S001_P0016_2023-12-25,136.41
S001_P0017_2023-12-25,136.55
S001_P0018_2023-12-25,136.68
S001_P0019_2023-12-25,136.82
S001_P0020_2023-12-25,136.96
S002_P0001_2023-12-25,134.81
S002_P0002_2023-12-25,134.95
S002_P0003_2023-12-25,135.09
S002_P0004_2023-12-25,135.22
S002_P0005_2023-12-25,135.36
S002_P0006_2023-12-25,135.5
S002_P0007_2023-12-25,135.63
S002_P0008_2023-12-25,135.77
S002_P0009_2023-12-25,135.91
S002_P0010_2023-12-25,136.05
S002_P0011_2023-12-25,136.18
S002_P0012_2023-12-25,136.32
S002_P0013_2023-12-25,136.46
S002_P0014_2023-12-25,136.59
S002_P0015_2023-12-25,136.73
S002_P0016_2023-12-25,136.87
S002_P0017_2023-12-25,137.0
S002_P0018_2023-12-25,137.14
S002_P0019_2023-12-25,137.28
S002_P0020_2023-12-25,137.41
S003_P0001_2023-12-25,135.27
S003_P0002_2023-12-25,135.41
S003_P0003_2023-12-25,135.54
S003_P0004_2023-12-25,135.68
S003_P0005_2023-12-25,135.82
S003_P0006_2023-12-25,135.95
S003_P0007_2023-12-25,136.09
S003_P0008_2023-12-25,136.23
S003_P0009_2023-12-25,136.36
S003_P0010_2023-12-25,136.5
S003_P0011_2023-12-25,136.64
S003_P0012_2023-12-25,136.77
S003_P0013_2023-12-25,136.91
S003_P0014_2023-12-25,137.05
S003_P0015_2023-12-25,137.18
S003_P0016_2023-12-25,137.32
S003_P0017_2023-12-25,137.46
S003_P0018_2023-12-25,137.59
S003_P0019_2023-12-25,137.73
S003_P0020_2023-12-25,137.87
S004_P0001_2023-12-25,135.72
S004_P0002_2023-12-25,135.86
S004_P0003_2023-12-25,136.0
S004_P0004_2023-12-25,136.13
S004_P0005_2023-12-25,136.27
S004_P0006_2023-12-25,136.41
S004_P0007_2023-12-25,136.54
S004_P0008_2023-12-25,136.68
S004_P0009_2023-12-25,136.82
S004_P0010_2023-12-25,136.96
S004_P0011_2023-12-25,137.09
S004_P0012_2023-12-25,137.23
S004_P0013_2023-12-25,137.37
S004_P0014_2023-12-25,137.5
S004_P0015_2023-12-25,137.64
S004_P0016_2023-12-25,137.78
S004_P0017_2023-12-25,137.91
S004_P0018_2023-12-25,138.05
S004_P0019_2023-12-25,138.19
S004_P0020_2023-12-25,138.32
S005_P0001_2023-12-25,136.18
S005_P0002_2023-12-25,136.32
S005_P0003_2023-12-25,136.45
S005_P0004_2023-12-25,136.59
S005_P0005_2023-12-25,136.73
S005_P0006_2023-12-25,136.86
S005_P0007_2023-12-25,137.0
S005_P0008_2023-12-25,137.14
S005_P0009_2023-12-25,137.27
S005_P0010_2023-12-25,137.41
S005_P0011_2023-12-25,137.55
S005_P0012_2023-12-25,137.68
S005_P0013_2023-12-25,137.82
S005_P0014_2023-12-25,137.96
S005_P0015_2023-12-25,138.09
S005_P0016_2023-12-25,138.23
S005_P0017_2023-12-25,138.37
S005_P0018_2023-12-25,138.5
S005_P0019_2023-12-25,138.64
S005_P0020_2023-12-25,138.78
S001_P0001_2023-12-26,134.5
S001_P0002_2023-12-26,134.64
S001_P0003_2023-12-26,134.78
S001_P0004_2023-12-26,134.91
S001_P0005_2023-12-26,135.05
S001_P0006_2023-12-26,135.19
S001_P0007_2023-12-26,135.32
S001_P0008_2023-12-26,135.46
S001_P0009_2023-12-26,135.6
S001_P0010_2023-12-26,135.74
S001_P0011_2023-12-26,135.87
S001_P0012_2023-12-26,136.01
S001_P0013_2023-12-26,136.15
S001_P0014_2023-12-26,136.28
S001_P0015_2023-12-26,136.42
S001_P0016_2023-12-26,136.56
S001_P0017_2023-12-26,136.69
S001_P0018_2023-12-26,136.83
S001_P0019_2023-12-26,136.97
S001_P0020_2023-12-26,137.1
S002_P0001_2023-12-26,134.96
S002_P0002_2023-12-26,135.1
S002_P0003_2023-12-26,135.23
S002_P0004_2023-12-26,135.37
S002_P0005_2023-12-26,135.51
S002_P0006_2023-12-26,135.64
S002_P0007_2023-12-26,135.78
S002_P0008_2023-12-26,135.92
S002_P0009_2023-12-26,136.05
S002_P0010_2023-12-26,136.19
S002_P0011_2023-12-26,136.33
S002_P0012_2023-12-26,136.46
S002_P0013_2023-12-26,136.6
S002_P0014_2023-12-26,136.74
S002_P0015_2023-12-26,136.87
S002_P0016_2023-12-26,137.01
S002_P0017_2023-12-26,137.15
S002_P0018_2023-12-26,137.28
S002_P0019_2023-12-26,137.42
S002_P0020_2023-12-26,137.56
S003_P0001_2023-12-26,135.41
S003_P0002_2023-12-26,135.55
S003_P0003_2023-12-26,135.69
S003_P0004_2023-12-26,135.82
S003_P0005_2023-12-26,135.96
S003_P0006_2023-12-26,136.1
S003_P0007_2023-12-26,136.23
S003_P0008_2023-12-26,136.37
S003_P0009_2023-12-26,136.51
S003_P0010_2023-12-26,136.65
S003_P0011_2023-12-26,136.78
S003_P0012_2023-12-26,136.92
S003_P0013_2023-12-26,137.06
S003_P0014_2023-12-26,137.19
S003_P0015_2023-12-26,137.33
S003_P0016_2023-12-26,137.47
S003_P0017_2023-12-26,137.6
S003_P0018_2023-12-26,137.74
S003_P0019_2023-12-26,137.88
S003_P0020_2023-12-26,138.01
S004_P0001_2023-12-26,135.87
S004_P0002_2023-12-26,136.01
S004_P0003_2023-12-26,136.14
S004_P0004_2023-12-26,136.28
S004_P0005_2023-12-26,136.42
S004_P0006_2023-12-26,136.55
S004_P0007_2023-12-26,136.69
S004_P0008_2023-12-26,136.83
S004_P0009_2023-12-26,136.96
S004_P0010_2023-12-26,137.1
S004_P0011_2023-12-26,137.24
S004_P0012_2023-12-26,137.37
S004_P0013_2023-12-26,137.51
S004_P0014_2023-12-26,137.65
S004_P0015_2023-12-26,137.78
S004_P0016_2023-12-26,137.92
S004_P0017_2023-12-26,138.06
S004_P0018_2023-12-26,138.19
S004_P0019_2023-12-26,138.33
S004_P0020_2023-12-26,138.47
S005_P0001_2023-12-26,136.32
S005_P0002_2023-12-26,136.46
S005_P0003_2023-12-26,136.6
S005_P0004_2023-12-26,136.73
S005_P0005_2023-12-26,136.87
S005_P0006_2023-12-26,137.01
S005_P0007_2023-12-26,137.14
S005_P0008_2023-12-26,137.28
S005_P0009_2023-12-26,137.42
S005_P0010_2023-12-26,137.56
S005_P0011_2023-12-26,137.69
S005_P0012_2023-12-26,137.83
S005_P0013_2023-12-26,137.97
S005_P0014_2023-12-26,138.1
S005_P0015_2023-12-26,138.24
S005_P0016_2023-12-26,138.38
S005_P0017_2023-12-26,138.51
S005_P0018_2023-12-26,138.65
S005_P0019_2023-12-26,138.79
S005_P0020_2023-12-26,138.92
S001_P0001_2023-12-27,134.65
S001_P0002_2023-12-27,134.79
S001_P0003_2023-12-27,134.92
S001_P0004_2023-12-27,135.06
S001_P0005_2023-12-27,135.2
S001_P0006_2023-12-27,135.33
S001_P0007_2023-12-27,135.47
S001_P0008_2023-12-27,135.61
S001_P0009_2023-12-27,135.74
S001_P0010_2023-12-27,135.88
S001_P0011_2023-12-27,136.02
S001_P0012_2023-12-27,136.15
S001_P0013_2023-12-27,136.29
S001_P0014_2023-12-27,136.43
S001_P0015_2023-12-27,136.56
S001_P0016_2023-12-27,136.7
S001_P0017_2023-12-27,136.84
S001_P0018_2023-12-27,136.98
S001_P0019_2023-12-27,137.11
S001_P0020_2023-12-27,137.25
S002_P0001_2023-12-27,135.1
S002_P0002_2023-12-27,135.24
S002_P0003_2023-12-27,135.38
S002_P0004_2023-12-27,135.51
S002_P0005_2023-12-27,135.65
S002_P0006_2023-12-27,135.79
S002_P0007_2023-12-27,135.92
S002_P0008_2023-12-27,136.06
S002_P0009_2023-12-27,136.2
S002_P0010_2023-12-27,136.34
S002_P0011_2023-12-27,136.47
S002_P0012_2023-12-27,136.61
S002_P0013_2023-12-27,136.75
S002_P0014_2023-12-27,136.88
S002_P0015_2023-12-27,137.02
S002_P0016_2023-12-27,137.16
S002_P0017_2023-12-27,137.29
S002_P0018_2023-12-27,137.43
S002_P0019_2023-12-27,137.57
S002_P0020_2023-12-27,137.7
S003_P0001_2023-12-27,135.56
S003_P0002_2023-12-27,135.7
S003_P0003_2023-12-27,135.83
S003_P0004_2023-12-27,135.97
S003_P0005_2023-12-27,136.11
S003_P0006_2023-12-27,136.24
S003_P0007_2023-12-27,136.38
S003_P0008_2023-12-27,136.52
S003_P0009_2023-12-27,136.65
S003_P0010_2023-12-27,136.79
S003_P0011_2023-12-27,136.93
S003_P0012_2023-12-27,137.06
S003_P0013_2023-12-27,137.2
S003_P0014_2023-12-27,137.34
S003_P0015_2023-12-27,137.47
S003_P0016_2023-12-27,137.61
S003_P0017_2023-12-27,137.75
S003_P0018_2023-12-27,137.89
S003_P0019_2023-12-27,138.02
S003_P0020_2023-12-27,138.16
S004_P0001_2023-12-27,136.01
S004_P0002_2023-12-27,136.15
S004_P0003_2023-12-27,136.29
S004_P0004_2023-12-27,136.42
S004_P0005_2023-12-27,136.56
S004_P0006_2023-12-27,136.7
S004_P0007_2023-12-27,136.83
S004_P0008_2023-12-27,136.97
S004_P0009_2023-12-27,137.11
S004_P0010_2023-12-27,137.25
S004_P0011_2023-12-27,137.38
S004_P0012_2023-12-27,137.52
S004_P0013_2023-12-27,137.66
S004_P0014_2023-12-27,137.79
S004_P0015_2023-12-27,137.93
S004_P0016_2023-12-27,138.07
S004_P0017_2023-12-27,138.2
S004_P0018_2023-12-27,138.34
S004_P0019_2023-12-27,138.48
S004_P0020_2023-12-27,138.61
S005_P0001_2023-12-27,136.47
S005_P0002_2023-12-27,136.61
S005_P0003_2023-12-27,136.74
S005_P0004_2023-12-27,136.88
S005_P0005_2023-12-27,137.02
S005_P0006_2023-12-27,137.15
S005_P0007_2023-12-27,137.29
S005_P0008_2023-12-27,137.43
S005_P0009_2023-12-27,137.56
S005_P0010_2023-12-27,137.7
S005_P0011_2023-12-27,137.84
S005_P0012_2023-12-27,137.97
S005_P0013_2023-12-27,138.11
S005_P0014_2023-12-27,138.25
S005_P0015_2023-12-27,138.38
S005_P0016_2023-12-27,138.52
S005_P0017_2023-12-27,138.66
S005_P0018_2023-12-27,138.8
S005_P0019_2023-12-27,138.93
S005_P0020_2023-12-27,139.07
S001_P0001_2023-12-28,134.79
S001_P0002_2023-12-28,134.93
S001_P0003_2023-12-28,135.07
S001_P0004_2023-12-28,135.2
S001_P0005_2023-12-28,135.34
S001_P0006_2023-12-28,135.48
S001_P0007_2023-12-28,135.61
S001_P0008_2023-12-28,135.75
S001_P0009_2023-12-28,135.89
S001_P0010_2023-12-28,136.03
S001_P0011_2023-12-28,136.16
S001_P0012_2023-12-28,136.3
S001_P0013_2023-12-28,136.44
S001_P0014_2023-12-28,136.57
S001_P0015_2023-12-28,136.71
S001_P0016_2023-12-28,136.85
S001_P0017_2023-12-28,136.98
S001_P0018_2023-12-28,137.12
S001_P0019_2023-12-28,137.26
S001_P0020_2023-12-28,137.39
S002_P0001_2023-12-28,135.25
S002_P0002_2023-12-28,135.39
S002_P0003_2023-12-28,135.52
S002_P0004_2023-12-28,135.66
S002_P0005_2023-12-28,135.8
S002_P0006_2023-12-28,135.93
S002_P0007_2023-12-28,136.07
S002_P0008_2023-12-28,136.21
S002_P0009_2023-12-28,136.34
S002_P0010_2023-12-28,136.48
S002_P0011_2023-12-28,136.62
S002_P0012_2023-12-28,136.75
S002_P0013_2023-12-28,136.89
S002_P0014_2023-12-28,137.03
S002_P0015_2023-12-28,137.16
S002_P0016_2023-12-28,137.3
S002_P0017_2023-12-28,137.44
S002_P0018_2023-12-28,137.58
S002_P0019_2023-12-28,137.71
S002_P0020_2023-12-28,137.85
S003_P0001_2023-12-28,135.7
S003_P0002_2023-12-28,135.84
S003_P0003_2023-12-28,135.98
S003_P0004_2023-12-28,136.11
S003_P0005_2023-12-28,136.25
S003_P0006_2023-12-28,136.39
S003_P0007_2023-12-28,136.52
S003_P0008_2023-12-28,136.66
S003_P0009_2023-12-28,136.8
S003_P0010_2023-12-28,136.94
S003_P0011_2023-12-28,137.07
S003_P0012_2023-12-28,137.21
S003_P0013_2023-12-28,137.35
S003_P0014_2023-12-28,137.48
S003_P0015_2023-12-28,137.62
S003_P0016_2023-12-28,137.76
S003_P0017_2023-12-28,137.89
S003_P0018_2023-12-28,138.03
S003_P0019_2023-12-28,138.17
S003_P0020_2023-12-28,138.3
S004_P0001_2023-12-28,136.16
S004_P0002_2023-12-28,136.3
S004_P0003_2023-12-28,136.43
S004_P0004_2023-12-28,136.57
S004_P0005_2023-12-28,136.71
S004_P0006_2023-12-28,136.84
S004_P0007_2023-12-28,136.98
S004_P0008_2023-12-28,137.12
S004_P0009_2023-12-28,137.25
S004_P0010_2023-12-28,137.39
S004_P0011_2023-12-28,137.53
S004_P0012_2023-12-28,137.66
S004_P0013_2023-12-28,137.8
S004_P0014_2023-12-28,137.94
S004_P0015_2023-12-28,138.07
S004_P0016_2023-12-28,138.21
S004_P0017_2023-12-28,138.35
S004_P0018_2023-12-28,138.49
S004_P0019_2023-12-28,138.62
S004_P0020_2023-12-28,138.76
S005_P0001_2023-12-28,136.61
S005_P0002_2023-12-28,136.75
S005_P0003_2023-12-28,136.89
S005_P0004_2023-12-28,137.02
S005_P0005_2023-12-28,137.16
S005_P0006_2023-12-28,137.3
S005_P0007_2023-12-28,137.43
S005_P0008_2023-12-28,137.57
S005_P0009_2023-12-28,137.71
S005_P0010_2023-12-28,137.85
S005_P0011_2023-12-28,137.98
S005_P0012_2023-12-28,138.12
S005_P0013_2023-12-28,138.26
S005_P0014_2023-12-28,138.39
S005_P0015_2023-12-28,138.53
S005_P0016_2023-12-28,138.67
S005_P0017_2023-12-28,138.8
S005_P0018_2023-12-28,138.94
S005_P0019_2023-12-28,139.08
S005_P0020_2023-12-28,139.21
S001_P0001_2023-12-29,134.94
S001_P0002_2023-12-29,135.08
S001_P0003_2023-12-29,135.21
S001_P0004_2023-12-29,135.35
S001_P0005_2023-12-29,135.49
S001_P0006_2023-12-29,135.62
S001_P0007_2023-12-29,135.76
S001_P0008_2023-12-29,135.9
S001_P0009_2023-12-29,136.03
S001_P0010_2023-12-29,136.17
S001_P0011_2023-12-29,136.31
S001_P0012_2023-12-29,136.44
S001_P0013_2023-12-29,136.58
S001_P0014_2023-12-29,136.72
S001_P0015_2023-12-29,136.85
S001_P0016_2023-12-29,136.99
S001_P0017_2023-12-29,137.13
S001_P0018_2023-12-29,137.27
S001_P0019_2023-12-29,137.4
S001_P0020_2023-12-29,137.54
S002_P0001_2023-12-29,135.39
S002_P0002_2023-12-29,135.53
S002_P0003_2023-12-29,135.67
S002_P0004_2023-12-29,135.8
S002_P0005_2023-12-29,135.94
S002_P0006_2023-12-29,136.08
S002_P0007_2023-12-29,136.21
S002_P0008_2023-12-29,136.35
S002_P0009_2023-12-29,136.49
S002_P0010_2023-12-29,136.63
S002_P0011_2023-12-29,136.76
S002_P0012_2023-12-29,136.9
S002_P0013_2023-12-29,137.04
S002_P0014_2023-12-29,137.17
S002_P0015_2023-12-29,137.31
S002_P0016_2023-12-29,137.45
S002_P0017_2023-12-29,137.58
S002_P0018_2023-12-29,137.72
S002_P0019_2023-12-29,137.86
S002_P0020_2023-12-29,137.99
S003_P0001_2023-12-29,135.85
S003_P0002_2023-12-29,135.99
S003_P0003_2023-12-29,136.12
S003_P0004_2023-12-29,136.26
S003_P0005_2023-12-29,136.4
S003_P0006_2023-12-29,136.53
S003_P0007_2023-12-29,136.67
S003_P0008_2023-12-29,136.81
S003_P0009_2023-12-29,136.94
S003_P0010_2023-12-29,137.08
S003_P0011_2023-12-29,137.22
S003_P0012_2023-12-29,137.35
S003_P0013_2023-12-29,137.49
S003_P0014_2023-12-29,137.63
S003_P0015_2023-12-29,137.76
S003_P0016_2023-12-29,137.9
S003_P0017_2023-12-29,138.04
S003_P0018_2023-12-29,138.18
S003_P0019_2023-12-29,138.31
S003_P0020_2023-12-29,138.45
S004_P0001_2023-12-29,136.3
S004_P0002_2023-12-29,136.44
S004_P0003_2023-12-29,136.58
S004_P0004_2023-12-29,136.71
S004_P0005_2023-12-29,136.85
S004_P0006_2023-12-29,136.99
S004_P0007_2023-12-29,137.12
S004_P0008_2023-12-29,137.26
S004_P0009_2023-12-29,137.4
S004_P0010_2023-12-29,137.54
S004_P0011_2023-12-29,137.67
S004_P0012_2023-12-29,137.81
S004_P0013_2023-12-29,137.95
S004_P0014_2023-12-29,138.08
S004_P0015_2023-12-29,138.22
S004_P0016_2023-12-29,138.36
S004_P0017_2023-12-29,138.49
S004_P0018_2023-12-29,138.63
S004_P0019_2023-12-29,138.77
S004_P0020_2023-12-29,138.9
S005_P0001_2023-12-29,136.76
S005_P0002_2023-12-29,136.9
S005_P0003_2023-12-29,137.03
S005_P0004_2023-12-29,137.17
S005_P0005_2023-12-29,137.31
S005_P0006_2023-12-29,137.44
S005_P0007_2023-12-29,137.58
S005_P0008_2023-12-29,137.72
S005_P0009_2023-12-29,137.85
S005_P0010_2023-12-29,137.99
S005_P0011_2023-12-29,138.13
S005_P0012_2023-12-29,138.26
S005_P0013_2023-12-29,138.4
S005_P0014_2023-12-29,138.54
S005_P0015_2023-12-29,138.67
S005_P0016_2023-12-29,138.81
S005_P0017_2023-12-29,138.95
S005_P0018_2023-12-29,139.09
S005_P0019_2023-12-29,139.22
S005_P0020_2023-12-29,139.36
S001_P0001_2023-12-30,135.08
S001_P0002_2023-12-30,135.22
S001_P0003_2023-12-30,135.36
S001_P0004_2023-12-30,135.49
S001_P0005_2023-12-30,135.63
S001_P0006_2023-12-30,135.77
S001_P0007_2023-12-30,135.91
S001_P0008_2023-12-30,136.04
S001_P0009_2023-12-30,136.18
S001_P0010_2023-12-30,136.32
S001_P0011_2023-12-30,136.45
S001_P0012_2023-12-30,136.59
S001_P0013_2023-12-30,136.73
S001_P0014_2023-12-30,136.86
S001_P0015_2023-12-30,137.0
S001_P0016_2023-12-30,137.14
S001_P0017_2023-12-30,137.27
S001_P0018_2023-12-30,137.41
S001_P0019_2023-12-30,137.55
S001_P0020_2023-12-30,137.68
S002_P0001_2023-12-30,135.54
S002_P0002_2023-12-30,135.68
S002_P0003_2023-12-30,135.81
S002_P0004_2023-12-30,135.95
S002_P0005_2023-12-30,136.09
S002_P0006_2023-12-30,136.22
S002_P0007_2023-12-30,136.36
S002_P0008_2023-12-30,136.5
S002_P0009_2023-12-30,136.63
S002_P0010_2023-12-30,136.77
S002_P0011_2023-12-30,136.91
S002_P0012_2023-12-30,137.04
S002_P0013_2023-12-30,137.18
S002_P0014_2023-12-30,137.32
S002_P0015_2023-12-30,137.45
S002_P0016_2023-12-30,137.59
S002_P0017_2023-12-30,137.73
S002_P0018_2023-12-30,137.87
S002_P0019_2023-12-30,138.0
S002_P0020_2023-12-30,138.14
S003_P0001_2023-12-30,135.99
S003_P0002_2023-12-30,136.13
S003_P0003_2023-12-30,136.27
S003_P0004_2023-12-30,136.4
S003_P0005_2023-12-30,136.54
S003_P0006_2023-12-30,136.68
S003_P0007_2023-12-30,136.82
S003_P0008_2023-12-30,136.95
S003_P0009_2023-12-30,137.09
S003_P0010_2023-12-30,137.23
S003_P0011_2023-12-30,137.36
S003_P0012_2023-12-30,137.5
S003_P0013_2023-12-30,137.64
S003_P0014_2023-12-30,137.77
S003_P0015_2023-12-30,137.91
S003_P0016_2023-12-30,138.05
S003_P0017_2023-12-30,138.18
S003_P0018_2023-12-30,138.32
S003_P0019_2023-12-30,138.46
S003_P0020_2023-12-30,138.59
S004_P0001_2023-12-30,136.45
S004_P0002_2023-12-30,136.59
S004_P0003_2023-12-30,136.72
S004_P0004_2023-12-30,136.86
S004_P0005_2023-12-30,137.0
S004_P0006_2023-12-30,137.13
S004_P0007_2023-12-30,137.27
S004_P0008_2023-12-30,137.41
S004_P0009_2023-12-30,137.54
S004_P0010_2023-12-30,137.68
S004_P0011_2023-12-30,137.82
S004_P0012_2023-12-30,137.95
S004_P0013_2023-12-30,138.09
S004_P0014_2023-12-30,138.23
S004_P0015_2023-12-30,138.36
S004_P0016_2023-12-30,138.5
S004_P0017_2023-12-30,138.64
S004_P0018_2023-12-30,138.78
S004_P0019_2023-12-30,138.91
S004_P0020_2023-12-30,139.05
S005_P0001_2023-12-30,136.9
S005_P0002_2023-12-30,137.04
S005_P0003_2023-12-30,137.18
S005_P0004_2023-12-30,137.31
S005_P0005_2023-12-30,137.45
S005_P0006_2023-12-30,137.59
S005_P0007_2023-12-30,137.73
S005_P0008_2023-12-30,137.86
S005_P0009_2023-12-30,138.0
S005_P0010_2023-12-30,138.14
S005_P0011_2023-12-30,138.27
S005_P0012_2023-12-30,138.41
S005_P0013_2023-12-30,138.55
S005_P0014_2023-12-30,138.68
S005_P0015_2023-12-30,138.82
S005_P0016_2023-12-30,138.96
S005_P0017_2023-12-30,139.09
S005_P0018_2023-12-30,139.23
S005_P0019_2023-12-30,139.37
S005_P0020_2023-12-30,139.5
S001_P0001_2023-12-31,135.23
S001_P0002_2023-12-31,135.37
S001_P0003_2023-12-31,135.5
S001_P0004_2023-12-31,135.64
S001_P0005_2023-12-31,135.78
S001_P0006_2023-12-31,135.91
S001_P0007_2023-12-31,136.05
S001_P0008_2023-12-31,136.19
S001_P0009_2023-12-31,136.32
S001_P0010_2023-12-31,136.46
S001_P0011_2023-12-31,136.6
S001_P0012_2023-12-31,136.73
S001_P0013_2023-12-31,136.87
S001_P0014_2023-12-31,137.01
S001_P0015_2023-12-31,137.14
S001_P0016_2023-12-31,137.28
S001_P0017_2023-12-31,137.42
S001_P0018_2023-12-31,137.56
S001_P0019_2023-12-31,137.69
S001_P0020_2023-12-31,137.83
S002_P0001_2023-12-31,135.68
S002_P0002_2023-12-31,135.82
S002_P0003_2023-12-31,135.96
S002_P0004_2023-12-31,136.09
S002_P0005_2023-12-31,136.23
S002_P0006_2023-12-31,136.37
S002_P0007_2023-12-31,136.51
S002_P0008_2023-12-31,136.64
S002_P0009_2023-12-31,136.78
S002_P0010_2023-12-31,136.92
S002_P0011_2023-12-31,137.05
S002_P0012_2023-12-31,137.19
S002_P0013_2023-12-31,137.33
S002_P0014_2023-12-31,137.46
S002_P0015_2023-12-31,137.6
S002_P0016_2023-12-31,137.74
S002_P0017_2023-12-31,137.87
S002_P0018_2023-12-31,138.01
S002_P0019_2023-12-31,138.15
S002_P0020_2023-12-31,138.28
S003_P0001_2023-12-31,136.14
S003_P0002_2023-12-31,136.28
S003_P0003_2023-12-31,136.41
S003_P0004_2023-12-31,136.55
S003_P0005_2023-12-31,136.69
S003_P0006_2023-12-31,136.82
S003_P0007_2023-12-31,136.96
S003_P0008_2023-12-31,137.1
S003_P0009_2023-12-31,137.23
S003_P0010_2023-12-31,137.37
S003_P0011_2023-12-31,137.51
S003_P0012_2023-12-31,137.64
S003_P0013_2023-12-31,137.78
S003_P0014_2023-12-31,137.92
S003_P0015_2023-12-31,138.05
S003_P0016_2023-12-31,138.19
S003_P0017_2023-12-31,138.33
S003_P0018_2023-12-31,138.47
S003_P0019_2023-12-31,138.6
S003_P0020_2023-12-31,138.74
S004_P0001_2023-12-31,136.59
S004_P0002_2023-12-31,136.73
S004_P0003_2023-12-31,136.87
S004_P0004_2023-12-31,137.0
S004_P0005_2023-12-31,137.14
S004_P0006_2023-12-31,137.28
S004_P0007_2023-12-31,137.42
S004_P0008_2023-12-31,137.55
S004_P0009_2023-12-31,137.69
S004_P0010_2023-12-31,137.83
S004_P0011_2023-12-31,137.96
S004_P0012_2023-12-31,138.1
S004_P0013_2023-12-31,138.24
S004_P0014_2023-12-31,138.37
S004_P0015_2023-12-31,138.51
S004_P0016_2023-12-31,138.65
S004_P0017_2023-12-31,138.78
S004_P0018_2023-12-31,138.92
S004_P0019_2023-12-31,139.06
S004_P0020_2023-12-31,139.19
S005_P0001_2023-12-31,137.05
S005_P0002_2023-12-31,137.19
S005_P0003_2023-12-31,137.32
S005_P0004_2023-12-31,137.46
S005_P0005_2023-12-31,137.6
S005_P0006_2023-12-31,137.73
S005_P0007_2023-12-31,137.87
S005_P0008_2023-12-31,138.01
S005_P0009_2023-12-31,138.14
S005_P0010_2023-12-31,138.28
S005_P0011_2023-12-31,138.42
S005_P0012_2023-12-31,138.55
S005_P0013_2023-12-31,138.69
S005_P0014_2023-12-31,138.83
S005_P0015_2023-12-31,138.96
S005_P0016_2023-12-31,139.1
S005_P0017_2023-12-31,139.24
S005_P0018_2023-12-31,139.38
S005_P0019_2023-12-31,139.51
S005_P0020_2023-12-31,139.65
S001_P0001_2024-01-01,133.13
S001_P0002_2024-01-01,133.27
S001_P0003_2024-01-01,133.41
S001_P0004_2024-01-01,133.54
S001_P0005_2024-01-01,133.68
S001_P0006_2024-01-01,133.82
S001_P0007_2024-01-01,133.96
S001_P0008_2024-01-01,134.09
S001_P0009_2024-01-01,134.23
S001_P0010_2024-01-01,134.37
S001_P0011_2024-01-01,134.5
S001_P0012_2024-01-01,134.64
S001_P0013_2024-01-01,134.78
S001_P0014_2024-01-01,134.91
S001_P0015_2024-01-01,135.05
S001_P0016_2024-01-01,135.19
S001_P0017_2024-01-01,135.32
S001_P0018_2024-01-01,135.46
S001_P0019_2024-01-01,135.6
S001_P0020_2024-01-01,135.73
S002_P0001_2024-01-01,133.59
S002_P0002_2024-01-01,133.73
S002_P0003_2024-01-01,133.86
S002_P0004_2024-01-01,134.0
S002_P0005_2024-01-01,134.14
S002_P0006_2024-01-01,134.27
S002_P0007_2024-01-01,134.41
S002_P0008_2024-01-01,134.55
S002_P0009_2024-01-01,134.68
S002_P0010_2024-01-01,134.82
S002_P0011_2024-01-01,134.96
S002_P0012_2024-01-01,135.09
S002_P0013_2024-01-01,135.23
S002_P0014_2024-01-01,135.37
S002_P0015_2024-01-01,135.51
S002_P0016_2024-01-01,135.64
S002_P0017_2024-01-01,135.78
S002_P0018_2024-01-01,135.92
S002_P0019_2024-01-01,136.05
S002_P0020_2024-01-01,136.19
S003_P0001_2024-01-01,134.04
S003_P0002_2024-01-01,134.18
S003_P0003_2024-01-01,134.32
S003_P0004_2024-01-01,134.45
S003_P0005_2024-01-01,134.59
S003_P0006_2024-01-01,134.73
S003_P0007_2024-01-01,134.87
S003_P0008_2024-01-01,135.0
S003_P0009_2024-01-01,135.14
S003_P0010_2024-01-01,135.28
S003_P0011_2024-01-01,135.41
S003_P0012_2024-01-01,135.55
S003_P0013_2024-01-01,135.69
S003_P0014_2024-01-01,135.82
S003_P0015_2024-01-01,135.96
S003_P0016_2024-01-01,136.1
S003_P0017_2024-01-01,136.23
S003_P0018_2024-01-01,136.37
S003_P0019_2024-01-01,136.51
S003_P0020_2024-01-01,136.64
S004_P0001_2024-01-01,134.5
S004_P0002_2024-01-01,134.64
S004_P0003_2024-01-01,134.77
S004_P0004_2024-01-01,134.91
S004_P0005_2024-01-01,135.05
S004_P0006_2024-01-01,135.18
S004_P0007_2024-01-01,135.32
S004_P0008_2024-01-01,135.46
S004_P0009_2024-01-01,135.59
S004_P0010_2024-01-01,135.73
S004_P0011_2024-01-01,135.87
S004_P0012_2024-01-01,136.0
S004_P0013_2024-01-01,136.14
S004_P0014_2024-01-01,136.28
S004_P0015_2024-01-01,136.42
S004_P0016_2024-01-01,136.55
S004_P0017_2024-01-01,136.69
S004_P0018_2024-01-01,136.83
S004_P0019_2024-01-01,136.96
S004_P0020_2024-01-01,137.1
S005_P0001_2024-01-01,134.95
S005_P0002_2024-01-01,135.09
S005_P0003_2024-01-01,135.23
S005_P0004_2024-01-01,135.36
S005_P0005_2024-01-01,135.5
S005_P0006_2024-01-01,135.64
S005_P0007_2024-01-01,135.78
S005_P0008_2024-01-01,135.91
S005_P0009_2024-01-01,136.05
S005_P0010_2024-01-01,136.19
S005_P0011_2024-01-01,136.32
S005_P0012_2024-01-01,136.46
S005_P0013_2024-01-01,136.6
S005_P0014_2024-01-01,136.73
S005_P0015_2024-01-01,136.87
S005_P0016_2024-01-01,137.01
S005_P0017_2024-01-01,137.14
S005_P0018_2024-01-01,137.28
S005_P0019_2024-01-01,137.42
S005_P0020_2024-01-01,137.55
